MSSubClass,OverallCond,TotalBsmtSF,GrLivArea,FullBath,BedroomAbvGr,TotRmsAbvGrd,GarageArea,Age,SalePrice
60,5,856,1710,2,3,8,548,5,208500
20,8,1262,1262,2,3,6,460,31,181500
60,5,920,1786,2,3,6,608,7,223500
70,5,756,1717,1,3,7,642,91,140000
60,5,1145,2198,2,4,9,836,8,250000
50,5,796,1362,1,1,5,480,16,143000
20,5,1686,1694,2,3,7,636,3,307000
60,6,1107,2090,2,3,7,484,36,200000
50,5,952,1774,2,2,8,468,77,129900
190,6,991,1077,1,2,5,205,69,118000
20,5,1040,1040,1,3,5,384,43,129500
60,5,1175,2324,3,4,11,736,1,345000
20,6,912,912,1,2,4,352,46,144000
20,5,1494,1494,2,3,7,840,1,279500
20,5,1253,1253,1,2,5,352,48,157000
45,8,832,854,1,2,5,576,78,132000
20,7,1004,1004,1,2,5,480,40,149000
90,5,0,1296,2,2,6,516,39,90000
20,5,1114,1114,1,3,6,576,4,159000
20,6,1029,1339,1,3,6,294,51,139000
60,5,1158,2376,3,4,9,853,1,325300
45,7,637,1108,1,3,6,280,77,139400
20,5,1777,1795,2,3,7,534,6,230000
120,7,1040,1060,1,3,6,572,31,129900
20,8,1060,1060,1,3,6,270,42,154000
20,5,1566,1600,2,3,7,890,2,256300
20,7,900,900,1,3,5,576,59,134800
20,5,1704,1704,2,3,7,772,3,306000
20,6,1484,1600,1,2,6,319,49,207500
30,6,520,520,1,1,4,240,81,68500
70,4,649,1317,1,3,6,250,88,40000
20,6,1228,1228,1,3,6,271,42,149350
20,5,1234,1234,2,3,7,484,1,179900
20,5,1398,1700,1,4,6,447,51,165500
120,5,1561,1561,2,2,6,556,2,277500
60,5,1117,2452,3,4,9,691,2,309000
20,5,1097,1097,1,3,6,672,15,145000
20,6,1297,1297,1,3,5,498,55,153000
20,7,1057,1057,1,3,5,246,57,109000
90,5,0,1152,2,2,6,0,53,82000
20,5,1088,1324,2,3,6,440,41,160000
20,6,1350,1328,1,2,5,308,48,170000
85,7,840,884,1,2,5,504,24,144000
20,6,938,938,1,3,5,308,33,130250
20,6,1150,1150,1,3,6,300,47,141000
120,5,1752,1752,2,2,6,576,5,319900
50,5,1434,2149,1,1,6,670,6,239686
20,5,1656,1656,2,3,7,826,1,249700
190,5,736,1452,2,2,8,0,89,113000
20,7,955,955,1,3,6,386,41,127000
60,6,794,1470,2,3,6,388,10,177000
50,6,816,1176,1,3,6,528,72,114500
90,5,816,816,1,2,5,516,47,110000
20,5,1842,1842,0,0,5,894,25,385000
80,5,384,1360,1,3,6,572,52,130000
20,5,1425,1425,2,3,7,576,44,180500
160,5,970,1739,2,3,7,480,10,172500
60,5,860,1720,2,3,7,565,2,196500
60,5,1410,2945,3,3,10,641,0,438780
20,7,780,780,1,2,4,352,36,124900
20,5,1158,1158,1,3,5,576,2,158000
75,7,530,1111,1,3,6,288,87,101000
120,5,1370,1370,2,2,6,484,1,202500
70,6,576,1710,2,3,9,480,89,140000
60,5,1057,2034,2,3,8,645,12,219500
60,5,1143,2473,2,4,9,852,3,317000
20,5,1947,2207,2,3,7,576,40,180000
20,5,1453,1479,2,3,7,558,4,226000
30,6,747,747,1,2,4,220,65,80000
50,4,1304,2287,2,3,7,667,53,225000
20,6,2223,2223,2,3,8,516,34,244000
20,6,845,845,1,2,4,360,25,129500
60,5,832,1718,2,3,7,427,11,185000
20,7,1086,1086,1,3,6,490,56,144900
50,6,840,1605,2,3,8,379,95,107400
180,5,462,988,1,2,5,297,36,91000
20,7,952,952,1,2,4,283,52,135750
50,5,672,1285,1,2,6,240,60,127000
90,5,1768,1768,2,4,8,0,42,136500
50,6,440,1230,1,2,5,440,99,110000
60,6,896,2142,2,4,8,509,41,193500
120,5,1237,1337,2,2,5,405,8,153500
20,5,1563,1563,2,3,6,758,1,245000
20,5,1065,1065,1,3,6,461,47,126500
80,5,384,1474,2,3,7,400,14,168500
60,5,1288,2417,2,4,9,462,15,260000
60,5,684,1560,2,3,6,400,4,174000
160,5,612,1224,2,2,4,528,0,164500
50,2,1013,1526,1,2,6,0,94,85000
20,5,990,990,1,3,5,0,13,123600
20,5,0,1040,1,2,4,420,56,109900
20,3,1235,1235,1,2,6,480,45,98600
30,7,876,964,1,2,5,432,88,163500
190,6,1214,2291,2,4,9,506,97,133900
60,5,824,1786,2,3,7,684,10,204750
60,8,680,1470,2,3,6,420,16,185000
20,5,1588,1588,2,3,6,472,7,214000
20,5,960,960,1,3,6,432,42,94750
30,5,458,835,1,2,5,366,90,83000
20,5,950,1225,1,3,6,0,51,128950
20,7,1610,1610,2,3,6,480,33,205000
60,5,741,1732,2,3,7,476,25,178000
90,5,0,1535,2,4,8,410,30,118964
20,5,1226,1226,2,3,6,740,1,198900
50,4,1040,1818,1,4,7,240,76,169500
60,5,1053,1992,2,3,9,648,5,250000
30,7,641,1047,1,2,6,273,122,100000
20,5,789,789,1,2,5,250,60,115000
50,7,793,1517,2,3,7,0,88,115000
20,6,1844,1844,2,3,7,546,33,190000
50,4,994,1855,2,4,7,325,52,136900
80,5,384,1430,2,3,7,400,10,180000
60,5,1264,2696,2,4,10,792,0,383970
20,5,1809,2259,2,3,7,450,54,217000
70,8,1028,2320,2,3,9,180,62,259500
160,5,729,1458,2,2,5,440,8,176000
20,5,1092,1092,1,3,6,288,47,139000
20,5,1125,1125,1,2,5,430,1,155000
60,5,1673,3222,3,5,11,594,20,320000
60,5,728,1456,2,3,8,390,1,163990
80,5,938,988,1,1,4,540,37,180000
50,5,732,1123,1,3,4,264,68,100000
20,7,1080,1080,1,3,5,288,50,136000
120,5,1199,1199,2,2,5,530,15,153900
20,5,1362,1586,2,3,7,435,30,181000
190,8,520,754,1,2,5,0,71,84500
120,5,1078,958,2,2,5,440,31,128000
45,7,672,840,1,3,5,0,77,87000
60,5,660,1348,1,3,6,453,40,155000
20,7,1008,1053,1,3,6,750,48,150000
60,6,924,2157,2,4,8,487,40,226000
60,5,992,2054,2,3,7,390,9,244000
20,6,1063,1327,1,3,7,624,48,150750
20,5,1267,1296,2,2,6,471,8,220000
20,6,1461,1721,2,3,7,440,38,180000
20,6,1304,1682,2,3,7,530,38,174000
20,5,1214,1214,2,3,5,318,40,143000
90,5,1907,1959,3,5,9,766,18,171000
60,5,1004,1852,2,3,7,660,9,230000
60,5,928,1764,2,3,7,470,12,231500
20,5,864,864,1,3,5,0,39,115000
20,5,1734,1734,2,3,7,660,1,260000
50,4,910,1385,2,4,6,720,58,166000
20,5,1490,1501,2,3,6,577,10,204000
90,5,1728,1728,2,6,10,504,43,125000
160,5,970,1709,2,3,7,380,2,130000
30,7,715,875,1,2,5,180,78,105000
60,5,884,2035,2,3,8,434,9,222500
20,5,1080,1080,1,3,6,0,4,141000
50,4,896,1344,1,3,7,240,70,115000
20,6,969,969,1,3,5,440,32,122000
20,5,1710,1710,2,2,6,866,1,372402
60,5,825,1993,2,4,8,495,35,190000
20,7,1602,1252,1,1,4,564,48,235000
30,5,1200,1200,1,4,7,312,83,125000
50,5,572,1096,1,2,5,0,84,79000
20,7,0,1040,1,2,5,625,56,109500
60,5,774,1968,2,4,8,680,1,269500
60,5,991,1947,2,3,8,678,6,254900
60,5,1392,2462,2,4,9,576,1,320000
20,6,1232,1232,2,3,6,516,24,162500
60,5,1572,2668,2,3,10,726,5,412500
20,5,1541,1541,2,3,7,532,5,220000
45,6,882,882,1,1,4,0,51,103200
40,7,1149,1616,2,3,5,216,81,152000
190,7,644,1355,2,4,6,0,68,127500
20,5,1617,1867,1,2,7,303,54,190000
60,5,1582,2161,1,3,8,789,0,325624
60,5,840,1720,2,3,7,440,3,183500
20,6,1686,1707,2,2,6,511,25,228000
50,6,720,1382,1,2,7,660,66,128500
20,5,1080,1656,1,3,7,528,50,215000
160,7,1064,1767,2,2,5,504,19,239000
20,5,1362,1362,1,3,6,504,47,163000
20,5,1606,1651,2,3,7,616,22,184000
20,7,1202,2158,2,4,7,576,57,243000
60,5,1151,2060,2,4,8,521,19,211000
50,5,1052,1920,2,4,8,451,48,172500
20,5,2216,2234,2,1,9,1166,1,501837
30,6,968,968,1,2,5,480,84,100000
160,5,756,1525,2,3,5,440,7,177000
70,6,793,1802,1,4,9,216,86,200100
20,6,0,1340,1,3,7,252,50,120000
50,5,1362,2082,2,3,6,484,5,200000
50,8,504,1252,1,3,5,576,98,127000
75,9,1107,3608,2,4,12,840,114,475000
80,5,1188,1217,2,3,6,497,19,173000
50,7,660,1656,2,3,8,180,93,135000
90,5,1086,1224,0,2,6,528,30,153337
120,5,1593,1593,1,0,5,682,7,286000
70,8,853,2727,2,3,10,440,75,315000
60,9,725,1479,1,4,7,484,35,184000
20,5,1431,1431,2,3,6,666,10,192000
160,5,970,1709,2,3,7,380,2,130000
20,7,864,864,1,3,5,352,36,127000
160,6,855,1456,2,3,7,440,33,148500
20,5,1726,1726,2,3,8,786,0,311872
75,4,1360,3112,2,4,8,795,88,235000
75,6,755,2229,1,5,8,0,97,104000
20,5,1713,1713,2,3,7,856,5,274900
20,5,1121,1121,2,2,5,440,7,140000
20,6,1196,1279,2,3,6,473,31,171500
50,6,617,1310,2,2,6,398,82,112000
120,5,848,848,1,1,3,420,4,149000
50,7,720,1284,1,2,5,240,62,110000
20,5,1424,1442,2,3,5,500,19,180500
20,5,1140,1696,1,3,8,349,45,143900
20,5,1100,1100,1,3,6,312,48,141000
60,5,1157,2062,2,3,7,454,19,277000
20,7,1092,1092,1,3,6,504,44,145000
30,6,864,864,1,2,5,0,83,98000
20,5,1212,1212,2,3,6,460,1,186000
60,5,900,1852,2,3,7,644,0,252678
20,5,990,990,1,3,5,576,11,156000
60,7,689,1392,1,3,6,299,33,161750
20,6,1070,1236,1,2,6,447,49,134450
20,5,1436,1436,2,3,8,484,4,210000
70,4,686,1328,1,3,8,210,81,107000
50,9,798,1954,1,3,8,431,69,311500
120,5,1248,1248,2,2,5,438,1,167240
20,5,1498,1498,2,2,5,675,0,204900
60,5,1010,2267,2,4,8,390,7,200000
60,6,713,1552,2,3,6,434,31,179900
20,6,864,864,1,2,4,576,38,97000
20,5,2392,2392,2,3,8,968,6,386250
160,5,630,1302,2,3,6,280,38,112000
60,5,1203,2520,2,4,9,721,12,290000
160,6,483,987,1,2,5,280,38,106000
20,5,912,912,1,3,5,336,43,125000
120,5,1373,1555,2,2,7,430,4,192500
20,6,1194,1194,1,3,6,312,51,148000
60,5,1462,2794,2,4,9,810,14,403000
160,5,483,987,1,2,5,288,34,94500
20,6,894,894,1,3,5,308,34,128200
60,5,860,1960,2,4,8,440,8,216500
160,3,483,987,1,2,5,264,37,89500
20,5,1414,1414,2,3,6,494,6,185500
60,7,996,1744,2,3,7,457,17,194500
20,5,1694,1694,2,3,7,818,0,318000
50,4,735,1487,1,3,7,220,65,113000
20,5,1566,1566,2,3,7,750,2,262500
30,9,686,866,1,2,4,0,62,110500
50,4,540,1440,1,3,6,352,106,79000
160,6,626,1217,1,3,6,288,29,120000
60,5,948,2110,2,3,8,463,16,205000
20,5,1845,1872,2,3,6,604,18,241500
190,8,1020,1928,2,4,9,440,96,137000
20,5,1367,1375,1,2,5,451,52,140000
60,5,840,1668,2,3,8,500,4,180000
50,7,1444,2144,2,4,7,389,49,277000
30,2,728,1306,1,3,6,0,70,76500
120,5,1573,1625,2,2,5,538,1,235000
60,5,798,1640,2,3,6,520,4,173000
80,7,1302,1302,2,3,7,309,43,158000
20,6,1314,1314,1,3,5,294,53,145000
60,5,975,2291,2,4,8,429,7,230000
60,5,864,1728,2,3,7,673,5,207500
20,5,1604,1604,2,3,8,660,3,220000
60,5,963,1792,2,3,7,564,7,231500
20,5,0,882,1,2,4,308,52,97000
80,5,1362,1382,1,3,6,884,47,176000
60,5,1482,2574,2,3,10,868,0,276000
80,7,506,1212,1,3,6,492,29,151000
50,7,926,1316,1,3,6,484,81,130000
30,5,680,764,1,2,4,504,83,73000
20,6,1422,1422,2,3,7,576,27,175500
60,5,802,1511,2,3,8,413,9,185000
75,8,720,2192,2,4,8,240,69,179500
30,6,740,778,1,2,4,924,68,120500
20,7,1143,1113,1,3,6,504,31,148000
60,5,1095,1939,2,3,8,1053,0,266000
20,7,1385,1363,1,2,5,439,54,241500
60,7,1152,2270,2,4,9,671,11,290000
20,6,1240,1632,2,3,6,338,51,139000
20,7,816,816,1,2,5,264,25,124500
50,7,952,1548,2,3,5,672,84,205000
20,5,1560,1560,2,3,7,573,7,201000
20,5,864,864,1,2,4,400,59,141000
20,5,2121,2121,2,3,8,732,1,415298
60,5,1160,2022,2,4,8,505,31,192000
60,6,807,1982,2,3,7,575,18,228500
20,5,1262,1262,2,2,5,572,0,185000
120,5,1314,1314,2,2,6,626,2,207500
20,5,1468,1468,2,3,6,898,1,244600
120,5,1575,1575,2,2,5,529,15,179200
160,5,625,1250,2,2,5,528,1,164700
50,7,912,1734,1,3,7,440,44,159000
20,4,858,858,1,3,5,0,35,88000
20,5,882,900,1,3,5,280,43,122000
70,7,698,1396,1,3,7,384,92,153575
60,5,1079,1919,2,3,8,685,0,233230
190,6,780,1716,2,6,9,0,96,135900
50,4,768,1716,1,3,8,281,60,131000
60,7,795,2263,2,3,9,539,29,235000
20,5,1416,1644,1,3,7,418,56,167000
80,6,1003,1003,1,3,6,588,22,142500
50,5,910,1558,1,4,6,282,57,152000
60,5,975,1950,2,3,7,576,10,239000
60,6,702,1743,1,3,7,539,39,175000
20,8,1092,1152,1,3,6,300,59,158500
190,5,1165,1336,1,2,5,375,53,157000
60,5,1028,2452,2,4,9,683,9,267000
20,5,1541,1541,2,3,6,843,5,205000
20,7,894,894,1,3,5,552,34,149900
75,9,1470,3493,3,3,10,870,128,295000
20,5,2000,2000,2,3,8,888,3,305900
60,5,700,2243,2,4,8,746,17,225000
50,7,319,1406,1,3,6,0,88,89500
30,5,861,861,1,1,4,539,69,82500
20,5,1896,1944,2,3,8,708,3,360000
60,5,697,1501,2,3,6,420,13,165600
20,6,972,972,1,2,5,240,61,132000
190,7,793,1118,1,3,5,410,67,119900
20,5,2136,2036,2,3,8,513,44,375000
70,7,728,1641,1,3,6,546,81,178000
60,5,716,1432,2,3,6,432,5,188500
60,7,845,2353,2,4,10,484,29,260000
60,5,1088,1959,2,3,8,1025,1,270000
60,5,1347,2646,2,4,9,656,16,260000
80,5,1372,1472,2,3,6,588,29,187500
60,5,1249,2596,3,4,9,840,0,342643
60,5,1136,2468,2,4,10,872,3,354000
60,5,1502,2730,2,4,8,576,21,301000
20,8,1162,1163,1,3,6,220,51,126175
80,7,710,2978,2,5,11,564,43,242000
45,6,720,803,1,2,5,360,66,87000
120,5,1719,1719,1,1,6,473,15,324000
20,5,1383,1383,1,3,7,292,46,145250
75,6,844,2134,2,5,10,441,93,214500
70,5,596,1192,1,3,6,189,89,78000
90,4,1728,1728,2,6,10,352,43,119000
20,6,1056,1056,1,3,6,308,49,139000
20,5,3206,1629,2,3,7,880,6,284000
120,5,1358,1358,2,2,6,484,4,207000
60,5,943,1638,2,3,7,472,10,192000
190,6,1499,1786,2,3,7,529,43,228950
20,5,1922,1922,2,3,8,676,2,377426
20,5,1536,1536,2,3,7,532,6,214000
20,7,1208,1621,2,3,8,440,22,202500
20,7,1215,1215,1,3,6,297,51,155000
60,5,967,1908,2,4,9,431,8,202900
20,4,721,841,1,2,4,294,59,82000
90,4,0,1040,2,2,6,400,57,87500
120,5,1684,1684,2,2,6,564,3,266000
160,3,536,1112,1,3,4,336,34,85000
50,5,972,1577,1,3,6,312,67,140200
20,8,958,958,1,2,5,301,47,151500
20,5,1478,1478,2,3,6,498,49,157500
160,5,764,1626,2,2,6,474,5,154000
60,5,1848,2728,2,4,10,706,1,437154
120,5,1869,1869,2,2,6,617,0,318061
120,5,1453,1453,1,2,6,445,20,190000
50,6,616,1111,1,3,5,200,67,95000
30,8,624,720,1,2,5,484,82,105900
50,5,940,1595,1,2,6,240,66,140000
20,5,1200,1200,2,3,6,521,12,177500
20,6,1158,1167,2,3,6,400,17,173000
120,5,1142,1142,1,3,6,528,31,134000
80,4,1062,1352,1,3,6,288,48,130000
60,5,1086,1924,2,3,7,592,8,280000
85,6,888,912,1,2,5,470,29,156000
50,5,883,1505,1,3,8,240,68,145000
85,5,0,1922,3,4,7,672,6,198500
160,8,483,987,1,2,5,264,37,118000
60,5,796,1574,2,3,6,566,30,190000
70,7,672,1344,1,3,6,468,89,147000
20,5,1394,1394,1,3,6,514,46,159000
80,5,1099,1431,1,3,6,296,46,165000
20,6,1268,1268,1,2,7,244,56,132000
20,7,1063,1287,1,3,7,576,51,162000
60,5,953,1664,2,3,7,460,6,172400
50,4,0,1588,2,4,7,680,49,134432
120,5,744,752,1,2,4,264,26,125000
20,6,608,1319,1,3,5,270,56,123000
60,5,847,1928,2,4,8,434,4,219500
30,1,683,904,0,1,4,0,87,61000
85,5,870,914,1,2,5,576,10,148000
60,5,1580,2466,3,4,8,610,3,340000
20,2,1856,1856,1,1,8,834,0,394432
60,5,982,1800,2,3,7,463,9,179000
50,6,1026,1691,2,3,6,308,86,127000
20,5,1293,1301,2,2,5,572,0,187750
60,5,939,1797,2,3,8,639,1,213500
45,3,784,784,1,2,5,360,81,76000
60,5,1580,1953,2,3,9,501,15,240000
120,5,1256,1269,2,2,6,430,6,192000
50,3,658,1184,1,5,8,0,96,81000
80,6,1041,1125,1,3,6,352,33,125000
20,5,1468,1479,2,3,6,577,9,191000
60,5,1682,2332,2,3,9,846,1,426000
50,8,861,1367,1,4,7,384,108,119000
60,5,804,1961,2,3,7,560,8,215000
20,7,0,882,1,3,5,294,48,106500
30,5,788,788,1,2,4,0,65,100000
50,6,735,1034,1,2,5,240,67,109000
20,6,1144,1144,1,3,6,596,54,129000
20,5,894,894,1,2,6,600,37,123000
60,5,864,1812,2,4,8,264,45,169500
30,2,961,1077,1,2,6,338,87,67000
60,5,1092,1550,2,2,7,438,3,241000
120,5,1260,1288,1,1,4,500,12,245500
20,5,1310,1310,2,3,6,400,1,164990
30,8,672,672,1,2,4,240,68,108000
60,5,1141,2263,2,4,10,420,8,258000
60,5,806,1572,2,3,7,373,12,168000
20,4,1281,1620,2,3,8,490,33,150000
50,5,1064,1639,1,3,6,240,72,115000
70,7,840,1680,2,4,8,308,93,177000
60,5,1063,2172,2,3,9,947,1,280000
60,5,1034,2078,2,3,8,836,1,339750
20,3,1276,1276,1,3,5,350,51,60000
190,5,1056,1056,1,3,5,572,51,145000
20,5,1470,1478,2,2,7,484,1,222000
30,6,1008,1028,1,2,5,360,83,115000
60,5,1080,2097,2,3,9,678,15,228000
20,5,1340,1340,2,3,6,396,0,181134
60,7,672,1400,1,3,6,440,28,149500
70,6,1370,2624,2,4,10,864,89,239000
50,6,756,1134,1,3,7,240,67,126000
20,6,1056,1056,1,3,6,304,42,142000
90,5,1344,1344,2,2,8,784,11,206300
20,7,1602,1602,2,3,8,529,32,215000
20,5,988,988,1,2,4,520,54,113000
60,5,1470,2630,2,4,8,696,10,315000
20,5,1196,1196,1,2,6,297,52,139000
60,8,651,1389,1,3,6,240,63,135000
80,5,1518,1644,2,2,5,569,20,275000
20,6,907,907,1,3,5,352,51,109008
20,5,1208,1208,2,2,6,628,0,195400
20,5,1392,1412,2,3,6,576,21,175000
160,5,483,987,1,2,4,264,37,85400
50,7,901,1198,1,4,7,0,88,79900
160,5,765,1365,1,2,6,440,36,122500
60,5,926,1604,2,3,7,470,11,181000
180,7,630,630,1,1,3,0,36,81000
60,6,799,1661,2,3,6,550,13,212000
50,8,648,1118,1,2,6,440,86,116000
45,7,884,904,1,2,4,180,83,119000
30,6,440,694,1,2,4,352,94,90350
50,8,684,1196,1,3,7,528,89,110000
20,5,3094,2402,2,2,10,672,1,555000
90,4,1440,1440,2,4,8,0,53,118000
50,7,1078,1573,2,3,8,360,78,162900
120,5,1258,1258,2,2,6,648,1,172500
60,5,915,1908,2,4,8,493,14,210000
20,5,1436,1689,1,3,7,480,53,127500
20,6,1517,1888,2,2,6,578,44,190000
60,5,930,1886,2,4,10,431,8,199900
50,6,780,1376,2,3,7,198,69,119500
50,7,649,1183,1,2,6,308,59,120000
30,8,813,813,1,2,5,270,76,110000
20,5,1533,1533,2,2,5,576,31,280000
60,5,872,1756,2,3,7,422,11,204000
60,5,768,1590,2,3,6,676,1,210000
90,5,1728,1728,2,4,8,560,30,188000
20,6,1242,1242,1,3,6,528,34,175500
70,5,624,1344,1,4,7,513,92,98000
20,6,1364,1663,1,2,6,529,54,256000
70,7,588,1666,1,3,7,228,83,161000
50,4,709,1203,1,3,5,352,59,110000
60,5,832,1935,2,3,8,552,0,263435
70,9,560,1135,1,3,6,576,73,155000
20,5,864,864,1,3,5,360,44,62383
70,7,715,1660,1,3,6,240,74,188700
20,5,1040,1040,2,3,5,0,31,124000
120,5,1375,1414,2,2,6,398,2,178740
20,5,1277,1277,1,2,5,526,37,167000
70,7,728,1644,1,3,7,312,65,146500
20,5,1626,1634,2,3,7,866,1,250000
60,5,832,1710,2,3,7,506,15,187000
120,5,1488,1502,1,1,4,528,25,212000
60,6,808,1969,2,3,8,534,30,190000
180,5,547,1072,1,2,5,525,3,148000
20,5,1976,1976,2,2,7,908,1,440000
120,5,1494,1652,2,2,6,499,7,251000
20,6,970,970,1,2,5,624,44,132500
20,5,1478,1493,2,3,7,508,11,208900
60,5,2153,2643,2,3,9,694,1,380000
20,5,1705,1718,2,3,7,826,2,297000
30,7,907,1131,1,2,7,672,70,89471
20,5,1833,1850,2,3,8,772,2,326000
20,5,1792,1792,2,2,6,874,3,374000
70,8,910,1826,1,4,7,164,94,155000
120,5,1216,1216,2,2,5,402,8,164000
20,7,999,999,1,3,6,264,45,132500
20,7,1113,1113,1,3,5,264,59,147000
20,7,1073,1073,1,3,6,515,42,156000
20,6,1484,1484,2,3,7,487,36,175000
190,4,954,2414,2,3,10,520,106,160000
180,8,630,630,1,1,3,286,39,86000
160,6,264,1304,1,3,4,336,32,115000
50,7,806,1578,1,3,5,240,65,133000
60,5,728,1456,2,3,8,429,0,172785
20,6,1269,1269,1,3,6,308,48,155000
30,8,190,886,1,2,4,273,71,91300
30,5,720,720,1,2,4,0,89,34900
20,5,3200,3228,3,4,10,546,15,430000
50,6,1026,1820,2,4,8,240,83,184000
20,7,864,899,1,3,5,288,42,130000
20,7,912,912,1,2,5,297,49,120000
160,5,672,1218,1,3,7,264,34,113000
60,5,866,1768,2,3,7,603,3,226700
20,7,1214,1214,1,2,6,461,42,140000
20,8,1501,1801,2,1,6,484,51,289000
160,5,855,1322,2,3,6,440,35,147000
90,5,960,1960,2,4,10,400,57,124500
60,5,777,1911,2,3,8,471,13,215000
20,5,1218,1218,2,2,4,676,0,208300
70,9,689,1378,2,3,7,360,80,161000
20,6,1041,1041,1,3,6,270,50,124500
20,7,1008,1363,1,2,6,288,58,164900
120,5,1368,1368,2,2,6,474,1,202665
20,5,864,864,1,3,5,624,48,129900
20,5,1084,1080,1,3,5,484,24,134000
45,5,768,789,1,2,5,200,81,96500
20,5,2006,2020,2,3,9,900,0,402861
80,6,689,2119,2,3,7,583,37,158000
60,5,1264,2344,2,3,7,889,13,265000
60,5,794,1796,2,3,7,546,9,211000
70,9,1276,2080,1,3,9,282,83,234000
190,7,0,1294,2,3,7,0,108,106250
20,6,1244,1244,1,3,6,336,50,150000
50,7,1004,1664,2,3,7,420,59,159000
60,5,3138,4676,3,3,11,884,0,184750
60,5,1379,2398,2,3,8,834,11,315750
20,5,1257,1266,2,3,6,453,1,176000
20,7,928,928,1,2,4,252,51,132000
60,5,1452,2713,2,3,11,858,0,446261
30,7,528,605,1,2,5,0,87,86000
20,3,2035,2515,3,4,9,484,50,200624
80,5,1461,1509,2,3,5,600,20,175000
70,8,611,1362,2,3,6,502,88,128000
20,7,0,827,1,2,5,392,55,107500
20,3,0,334,1,1,2,0,61,39300
60,5,707,1414,2,3,6,403,2,178000
190,7,1117,1347,1,3,5,0,98,107500
60,5,880,1724,2,3,8,527,10,188000
20,5,864,864,1,3,5,576,36,111250
20,5,1051,1159,1,3,7,336,38,158000
20,5,1581,1601,2,3,6,670,9,272000
20,5,1838,1838,2,2,8,765,3,315000
60,5,969,2285,2,4,8,648,7,248000
20,5,1650,1680,2,3,7,583,11,213250
120,5,723,767,1,1,4,367,9,133000
60,5,654,1496,2,3,7,426,0,179665
50,5,1204,2183,2,4,9,786,18,229000
50,7,1065,1635,1,3,6,440,84,210000
85,7,768,768,1,2,5,624,37,129500
20,7,825,825,1,2,4,720,53,125000
60,5,912,2094,2,4,8,615,6,263000
120,6,1069,1069,2,2,4,440,31,140000
20,6,928,928,1,3,5,288,51,112500
20,5,1709,1717,2,3,7,908,3,255500
20,5,0,1126,2,2,5,520,60,108000
60,5,998,2046,2,3,8,871,5,284000
45,6,993,1048,1,2,5,280,84,113000
20,5,1092,1092,1,2,6,299,49,141000
50,6,637,1336,1,3,7,570,86,108000
60,5,729,1446,2,3,6,406,12,175000
120,5,1374,1557,2,2,7,420,3,234000
20,6,1392,1392,1,3,5,528,53,121500
20,5,1389,1389,1,2,6,418,32,170000
30,6,996,996,1,3,6,0,68,108000
50,7,1163,1674,2,4,8,396,90,185000
60,5,1095,2295,2,4,9,590,14,268000
70,4,806,1647,1,4,6,216,95,128000
60,5,1122,2504,2,4,11,656,3,325000
20,5,1517,1535,2,3,7,532,6,214000
50,8,1496,2132,1,1,5,612,26,316600
90,5,943,943,1,2,4,600,27,135960
90,5,1728,1728,2,6,10,576,43,142600
20,6,864,864,1,2,4,288,47,120000
60,5,846,1692,2,3,6,650,0,224500
80,5,384,1430,2,3,8,400,7,170000
80,7,372,1109,1,3,5,288,36,139000
50,5,832,1216,1,2,6,336,61,118500
50,7,861,1477,2,3,6,216,81,145000
80,6,1164,1320,1,3,6,564,40,164500
160,5,689,1392,2,2,5,540,1,146000
50,5,1050,1795,2,4,7,352,54,131500
20,6,1144,1429,1,3,7,572,47,181900
20,5,2042,2042,2,3,8,1390,1,253293
90,5,816,816,1,3,5,0,17,118500
75,9,1237,2775,3,3,9,880,115,325000
50,7,884,1573,1,3,6,240,74,133000
20,5,1868,2028,2,2,7,880,1,369900
30,7,816,838,1,2,5,275,90,130000
85,6,840,860,1,2,4,528,27,137000
20,8,1437,1473,1,1,5,452,41,143000
40,6,742,935,1,2,4,308,78,79500
60,5,770,1582,2,3,6,520,4,185900
60,5,1722,2296,2,3,10,842,1,451950
20,8,816,816,1,2,4,816,26,138000
120,5,848,848,1,1,4,420,6,140000
20,6,924,924,1,3,5,280,33,110000
20,5,1814,1826,2,3,7,758,1,319000
70,7,684,1368,1,3,7,216,96,114504
120,5,1258,1402,0,2,7,648,1,194201
20,6,1430,1647,2,3,7,621,29,217500
160,6,716,1556,2,3,6,452,28,151000
60,5,1058,1904,2,3,8,736,1,275000
50,6,780,1375,1,3,6,544,70,141000
60,5,908,1915,2,3,8,506,14,220000
160,5,600,1200,2,2,4,480,6,151000
20,5,1494,1494,2,3,6,530,6,221000
60,6,768,1986,2,3,7,486,44,205000
20,5,1040,1040,1,3,6,576,13,152000
20,8,896,2008,3,3,8,230,58,225000
70,6,965,3194,2,4,10,380,73,359100
20,5,1029,1029,1,3,5,261,46,118500
60,5,1440,2153,2,3,8,736,9,313000
80,6,1032,1032,2,3,6,564,29,148000
60,5,1299,1872,2,3,7,531,8,261500
20,5,1120,1120,1,3,6,0,0,147000
180,6,630,630,1,1,3,0,38,75500
85,7,936,1054,1,3,6,480,47,137500
60,5,783,1509,2,3,7,393,4,183200
45,6,832,832,1,2,4,528,54,105500
20,5,1822,1828,2,3,9,774,0,314813
60,5,1482,2262,2,4,10,749,5,305000
30,3,864,864,1,2,5,0,94,67000
60,7,1522,2614,2,4,9,624,34,240000
20,6,980,980,1,3,6,484,32,135000
160,5,756,1512,2,2,4,440,7,168500
60,5,732,1790,1,4,8,484,34,165150
20,6,1116,1116,1,3,5,440,48,160000
20,5,978,1422,1,3,6,286,47,139900
80,6,1156,1520,1,3,7,364,55,153000
60,5,1040,2080,1,5,9,504,38,135000
80,5,1248,1350,1,3,6,520,44,168500
70,6,636,1750,1,3,8,240,126,124000
120,5,1554,1554,2,2,6,627,1,209500
20,5,1386,1411,2,3,6,544,32,82500
20,7,1056,1056,1,3,6,260,53,139400
90,5,1056,1056,0,0,4,576,30,144000
190,7,1440,3395,2,8,14,0,93,200000
30,3,264,800,1,1,4,0,73,60000
190,4,811,1387,2,3,7,256,55,93000
30,7,796,796,1,2,4,0,98,85000
120,5,1520,1567,2,1,7,648,0,264561
120,5,1518,1518,1,1,6,588,5,274000
60,5,1057,1929,2,3,7,650,6,226000
80,7,1952,2704,2,4,9,538,37,345000
60,5,780,1620,2,4,7,462,38,152000
20,5,1766,1766,2,2,7,478,0,370878
20,5,981,981,1,3,5,576,36,143250
20,5,0,1048,1,3,7,420,58,98300
20,5,1094,1094,1,3,5,495,55,155000
60,5,756,1839,1,4,7,442,44,155000
180,6,630,630,1,1,3,0,37,84500
60,6,813,1665,2,3,7,562,1,205950
70,5,755,1510,1,4,7,296,69,108000
60,5,880,1716,2,2,7,512,13,191000
50,7,756,1469,1,3,7,216,102,135000
20,6,2109,2113,2,2,7,839,13,350000
160,5,525,1092,1,3,6,264,39,88000
20,7,1053,1053,1,3,5,312,49,145500
70,6,776,1502,1,3,6,270,77,149000
50,5,912,1458,1,3,6,330,62,97500
20,7,1486,1486,1,3,7,480,45,167000
60,7,793,1935,2,3,7,550,31,197900
60,7,1629,2448,2,4,8,711,15,402000
20,3,1392,1392,1,2,5,576,41,110000
85,5,1138,1181,2,3,6,588,36,137500
20,5,2077,2097,1,1,8,1134,1,423000
60,5,1406,1936,2,3,7,504,6,230500
60,5,1021,2380,2,3,7,596,42,129000
20,5,1408,1679,2,3,7,575,14,193500
20,6,1188,1437,1,3,6,576,50,168000
30,5,700,1180,1,2,5,252,84,137500
60,5,738,1476,2,3,7,540,4,173500
70,6,672,1369,2,3,6,300,84,103600
20,6,1208,1208,1,3,6,546,29,165000
20,7,1477,1839,2,3,7,416,50,257500
20,6,1136,1136,1,3,5,384,43,140000
160,6,855,1441,2,3,7,440,31,148500
70,2,1095,1774,2,4,8,779,106,87000
30,8,768,792,1,2,5,240,85,109500
20,5,2046,2046,2,3,7,834,1,372500
20,5,988,988,1,3,5,572,46,128500
120,5,923,923,2,2,5,264,30,143000
50,5,793,1520,1,3,6,281,77,159434
120,5,1291,1291,1,2,6,431,12,173000
20,5,1626,1668,2,3,7,702,5,285000
60,5,1195,1839,2,4,7,486,12,221000
160,5,1190,2090,2,3,6,577,23,207500
60,6,874,1761,3,3,7,578,0,227875
160,5,551,1102,2,2,4,480,3,148800
20,6,1419,1419,2,2,7,567,0,392000
120,5,1362,1362,2,2,6,460,2,194700
120,5,848,848,1,1,3,420,4,141000
60,6,2444,4316,3,4,10,832,13,755000
60,5,1210,2519,2,4,9,628,17,335000
30,6,1073,1073,1,2,4,326,85,108480
50,6,927,1539,1,3,5,576,73,141500
20,6,1112,1137,2,2,5,551,19,176000
30,7,616,616,1,2,4,205,85,89000
20,7,980,1148,1,2,6,308,54,123500
20,8,894,894,1,3,5,336,45,138500
120,5,1391,1391,2,2,5,530,4,196000
20,5,1800,1800,2,3,7,765,4,312500
20,5,1164,1164,1,3,6,528,37,140000
60,5,1234,2576,2,4,10,666,0,361919
190,9,360,1812,2,4,8,672,110,140000
20,5,1473,1484,2,3,7,606,6,213000
190,5,0,1092,2,3,7,0,80,55000
20,5,1643,1824,2,2,5,739,36,302000
120,5,1324,1324,2,2,6,550,3,254000
60,5,728,1456,2,3,8,400,0,179540
20,7,876,904,1,3,6,408,42,109900
30,6,270,729,1,2,5,0,73,52000
50,7,859,1178,1,2,7,384,110,102776
120,5,1228,1228,2,2,5,472,20,189000
190,5,960,960,1,3,6,576,36,129000
60,8,725,1479,2,3,6,475,34,130500
20,5,1064,1350,2,3,7,478,35,165000
70,8,718,2554,1,3,8,704,117,159500
20,6,1176,1178,1,3,5,439,35,157000
60,5,1311,2418,2,3,9,983,15,341000
20,6,971,971,1,3,5,300,37,128500
120,5,1742,1742,2,2,5,564,21,275000
120,5,848,848,1,1,3,420,6,143000
20,7,864,864,1,3,5,463,39,124500
50,6,941,1470,2,4,7,548,54,135000
20,5,1698,1698,2,3,8,768,2,320000
20,6,864,864,1,3,5,660,39,120500
20,9,880,1680,2,3,5,540,21,222000
20,5,1232,1232,2,2,6,632,2,194500
90,5,1584,1776,2,4,9,888,51,110000
30,5,780,1208,1,2,5,539,84,103000
120,5,1595,1616,2,2,5,608,15,236500
80,5,868,1146,2,3,6,438,4,187500
60,5,1153,2031,2,3,8,541,10,222500
20,6,864,1144,1,3,6,264,48,131400
20,5,948,948,1,3,6,300,39,108000
75,7,880,1768,1,2,6,320,92,163000
90,4,0,1040,2,2,6,400,56,93500
60,5,893,1801,2,3,8,800,1,239900
90,5,1200,1200,3,3,5,0,22,179000
60,5,864,1728,2,3,7,572,5,190000
70,7,264,1432,2,2,7,360,97,132000
20,8,912,912,1,3,5,288,47,142000
20,5,1349,1349,2,3,6,539,7,179000
80,6,520,1464,2,3,6,480,46,175000
120,5,1337,1337,2,2,5,462,15,180000
60,9,1142,2715,3,4,11,831,32,299800
60,5,952,2256,2,4,8,554,9,236000
70,7,1240,2640,1,4,8,864,129,265979
20,5,1720,1720,2,3,7,527,14,260400
50,3,0,1529,2,4,9,240,64,98000
50,7,576,1140,1,3,7,0,100,96500
60,5,660,1320,2,3,6,400,4,162000
20,5,1479,1494,2,3,6,576,9,217000
60,5,1030,2098,2,3,8,878,1,275500
20,8,1026,1026,1,3,5,440,40,156000
160,5,729,1471,2,3,6,440,10,172500
60,5,866,1768,2,3,7,578,2,212000
60,5,672,1386,2,3,6,440,32,158900
160,5,744,1501,2,3,6,440,9,179400
60,5,1318,2531,2,4,9,752,12,290000
20,6,864,864,1,2,5,300,50,127500
30,5,1145,1301,1,2,5,440,85,100000
60,5,756,1547,2,3,7,614,1,215200
60,5,1252,2365,2,3,8,856,10,337000
120,5,1494,1494,1,2,6,481,11,270000
20,5,1498,1506,2,2,6,592,0,264132
60,5,980,1714,2,3,7,496,22,196500
50,7,983,1750,2,4,7,423,68,160000
20,5,1860,1836,2,3,8,484,2,216837
60,5,1650,3279,3,4,12,841,7,538000
85,5,858,858,1,2,5,576,27,134900
20,5,836,1220,1,2,6,396,55,102000
80,5,1029,1117,1,3,6,672,34,107000
20,5,912,912,1,2,5,275,49,114500
20,5,1935,1973,2,3,9,895,1,395000
120,5,1204,1204,2,2,5,412,11,162000
20,5,1614,1614,2,3,7,865,1,221500
20,5,864,894,1,3,5,440,32,142500
90,5,0,2020,2,4,10,630,30,144000
90,5,975,1004,1,2,4,504,29,135000
20,5,1237,1253,2,3,6,402,12,176000
60,5,761,1603,2,3,7,484,14,175900
20,5,1413,1430,2,3,6,605,8,187100
85,6,1097,1110,1,1,4,602,31,165500
75,6,742,1484,2,3,9,0,94,128000
20,5,1372,1342,2,3,7,457,42,161500
50,6,686,1652,2,4,7,416,95,139000
60,5,956,2084,2,4,8,618,6,233000
20,7,901,901,1,2,4,281,54,107900
60,8,832,2087,2,5,9,444,41,187500
120,5,1145,1145,2,2,5,397,4,160200
80,5,1029,1062,1,3,5,539,31,146800
60,5,1117,2013,2,3,8,455,11,269790
20,5,1496,1496,2,3,7,474,0,225000
60,5,712,1895,2,3,7,409,14,194500
60,6,650,1564,2,3,7,476,30,171000
20,5,660,1285,1,3,7,528,30,143500
20,5,773,773,1,2,4,240,55,110000
60,5,1926,3140,3,4,11,820,1,485000
50,7,731,1768,1,3,7,240,70,175000
60,5,616,1688,2,4,8,603,11,200000
30,7,1196,1196,1,2,5,440,91,109900
60,5,728,1456,2,3,7,410,3,189000
60,5,1734,2822,3,4,12,1020,1,582933
20,5,936,1128,1,2,5,286,52,118000
20,5,1417,1428,2,3,6,554,0,227680
80,5,980,980,2,3,6,384,39,135500
70,6,1324,1576,1,3,6,528,86,223500
80,5,1024,1086,1,3,6,484,40,159950
75,5,849,2138,2,2,11,360,111,106000
20,6,1040,1309,1,3,5,484,32,181000
120,5,848,848,1,1,4,420,4,144500
20,5,540,1044,1,2,4,504,58,55993
20,6,1442,1442,1,4,7,301,49,157900
50,7,686,1250,1,3,7,280,88,116000
20,5,1649,1661,2,3,6,598,12,224900
20,6,1008,1008,1,2,4,275,52,137000
20,5,1568,1689,2,3,7,857,6,271000
80,7,1010,1052,1,3,6,440,39,155000
120,5,1358,1358,2,2,6,484,1,224000
60,5,798,1640,2,3,6,595,5,183000
20,4,936,936,1,2,4,576,56,93000
60,5,847,1733,2,3,7,433,4,225000
50,7,778,1489,2,3,7,240,69,139500
20,5,1489,1489,2,3,7,776,0,232600
20,5,2078,2084,2,2,7,1220,1,385000
45,6,784,784,1,2,5,0,84,109500
20,5,1454,1434,2,3,6,527,8,189000
60,5,1013,2126,2,3,7,538,42,185000
160,5,600,1223,2,2,4,480,1,147400
20,5,1392,1392,1,3,6,458,51,166000
160,5,600,1200,2,2,4,480,1,151000
60,6,941,1829,2,3,7,613,7,237000
20,6,1516,1516,1,3,6,472,45,167000
20,6,1144,1144,1,3,6,456,47,139950
20,7,1067,1067,2,2,4,436,60,128000
30,6,1559,1559,1,2,5,812,59,153500
160,5,483,987,1,2,5,264,35,100000
20,6,1099,1099,1,3,6,352,13,144000
50,6,768,1200,1,3,6,240,62,130500
70,8,672,1482,2,4,7,400,83,140000
70,8,650,1539,2,3,8,686,104,157500
80,7,1127,1165,1,3,6,490,42,174900
90,4,1800,1800,2,6,10,0,46,141000
50,8,876,1416,1,4,7,720,93,153900
85,5,1390,1701,2,3,6,611,32,171000
60,5,740,1775,2,3,7,425,16,213000
20,6,864,864,1,3,5,338,37,133500
50,8,907,2358,3,5,10,360,100,240000
80,7,528,1855,2,3,7,512,31,187000
120,5,848,848,1,1,3,420,4,131500
120,5,1273,1456,2,2,7,400,3,215000
75,5,918,1646,2,4,7,240,66,164000
80,6,1127,1445,1,3,7,645,45,158000
20,4,1763,1779,1,3,6,454,51,170000
20,8,1040,1040,1,3,6,260,48,127000
80,6,940,1026,1,3,5,576,30,147000
60,5,702,1481,2,3,6,343,15,174000
20,5,1090,1370,2,3,6,479,33,152000
60,7,1054,2654,2,4,9,619,38,250000
50,8,912,1426,1,3,7,216,89,189950
190,4,1039,1039,1,3,6,504,45,131500
20,5,1040,1097,2,3,6,480,26,152000
20,5,1148,1148,1,3,6,672,50,132500
20,5,1372,1372,2,3,6,529,1,250580
20,6,1002,1002,1,3,5,902,39,148500
20,5,1638,1646,2,3,6,870,1,248900
20,5,1040,1120,1,3,5,544,46,129000
60,6,0,2320,2,2,7,672,58,169000
60,5,1050,1949,2,3,8,574,17,236000
20,5,894,894,1,2,5,308,47,109500
60,5,804,1682,2,3,7,523,12,200500
20,7,105,910,1,3,5,414,55,116000
40,7,832,1268,1,3,6,288,60,133000
50,6,676,1131,1,3,5,200,68,66500
60,5,1184,2610,2,4,11,550,0,303477
20,5,1064,1040,1,3,5,648,44,132250
60,5,1462,2224,2,4,10,738,5,350000
85,7,1109,1155,1,3,6,576,49,148000
20,8,864,864,1,3,6,336,31,136500
20,5,1090,1090,1,2,5,450,2,157000
50,5,1156,1717,2,3,7,400,17,187500
60,5,808,1593,2,3,7,389,17,178000
75,5,795,2230,1,5,10,440,94,118500
20,5,892,892,1,3,5,288,42,100000
120,5,1698,1709,2,2,5,506,9,328900
90,5,1626,1712,2,4,8,588,47,145000
50,7,816,1393,1,3,8,300,53,135500
20,6,2217,2217,2,4,8,621,37,268000
20,4,1505,1505,1,2,6,505,56,149500
50,7,672,924,1,3,6,576,58,122900
60,5,918,1683,2,3,7,440,31,172500
20,8,1059,1068,1,3,6,264,43,154500
20,5,1383,1383,1,3,6,354,54,165000
90,5,0,1535,2,4,8,400,30,118858
60,5,780,1796,1,4,8,483,45,140000
30,6,951,951,1,2,6,327,70,106500
90,5,0,2240,2,6,12,528,30,142953
20,5,2330,2364,2,2,11,820,1,611657
20,7,912,1236,1,3,6,288,45,135000
20,6,858,858,1,2,4,684,36,110000
20,7,992,1306,1,2,5,756,52,153000
60,5,783,1509,2,3,8,393,3,180000
20,5,1670,1670,2,3,7,690,0,240000
20,6,876,902,1,3,6,288,40,125500
20,5,1056,1063,1,3,6,280,56,128000
20,5,1623,1636,2,3,8,865,1,255000
50,7,1017,2057,1,3,6,180,70,250000
20,5,864,902,1,2,5,484,23,131000
60,5,742,1484,2,3,8,390,4,174000
90,5,1105,2274,2,5,12,480,50,154300
20,7,1268,1268,1,3,5,252,32,143500
30,7,768,1015,1,3,6,450,81,88000
90,6,1001,2002,2,4,8,871,58,145000
160,5,612,1224,2,2,4,528,0,173733
160,5,546,1092,1,3,6,286,37,75000
20,3,480,480,0,1,4,308,57,35311
20,6,1134,1229,1,3,6,284,53,135000
60,5,1104,2127,2,4,8,833,16,238000
20,8,1184,1414,1,3,6,601,50,176500
60,5,928,1721,2,3,7,471,13,201000
90,7,1272,2200,2,4,9,0,108,145900
20,5,1316,1316,2,3,6,397,1,169990
120,5,1604,1617,2,2,5,533,15,193000
20,6,1686,1686,2,3,7,612,26,207500
20,6,1126,1126,2,3,6,540,31,175000
60,5,1181,2374,2,4,10,656,4,285000
60,5,832,1978,2,4,9,486,40,176000
20,5,1753,1788,2,3,7,522,8,236500
60,5,964,2236,2,4,8,642,9,222000
20,5,1466,1466,2,3,7,610,2,201000
20,6,925,925,1,2,5,429,44,117500
20,5,1905,1905,2,3,8,788,1,320000
20,5,1500,1500,2,3,6,570,5,190000
20,7,585,2069,2,4,9,505,48,242000
30,5,600,747,1,1,5,528,80,79900
20,5,1176,1200,2,2,5,555,6,184900
60,5,1113,1971,2,3,8,689,4,253000
60,5,1391,1962,2,3,7,868,0,239799
70,7,1032,2403,2,4,10,349,70,244400
90,5,1728,1728,2,4,8,574,30,150900
60,5,992,2060,2,3,8,390,10,214000
90,3,1440,1440,2,4,8,0,30,150000
90,4,1632,1632,2,4,8,576,40,143000
20,6,819,1344,1,3,7,525,51,137500
50,6,1088,1869,1,2,7,456,119,124900
80,6,1144,1144,1,3,6,796,47,143000
20,5,1616,1629,2,3,9,808,5,270000
60,5,936,1776,2,3,7,474,4,192500
20,7,1161,1381,1,3,5,676,38,197500
20,8,864,864,1,3,5,720,57,129000
20,5,828,965,1,3,6,300,41,119900
85,8,768,768,1,2,5,396,37,133900
60,4,784,1968,2,4,7,530,39,172000
90,5,945,980,2,4,4,0,31,127500
90,6,979,1958,2,4,8,492,61,145000
160,6,561,1229,1,2,5,462,29,124000
20,5,1057,1057,1,3,6,576,45,132000
20,5,1337,1337,2,3,6,531,4,185000
160,5,696,1416,2,3,6,484,11,155000
20,7,858,858,1,2,4,0,52,116500
60,7,1330,2872,2,4,11,619,31,272000
160,6,804,1548,2,3,7,440,31,155000
20,5,1800,1800,2,2,7,702,2,239000
60,5,817,1894,2,4,8,510,8,214900
60,5,783,1484,2,3,8,393,2,178900
50,7,728,1308,1,2,7,256,69,160000
20,7,1098,1098,1,3,6,260,53,135000
50,6,600,968,1,2,6,0,99,37900
190,5,588,1095,1,2,6,264,48,140000
50,4,720,1192,1,4,6,0,57,135000
160,5,764,1626,2,2,6,474,6,173000
120,5,918,918,2,2,5,264,31,99500
20,5,1428,1428,2,3,6,480,1,182000
70,8,728,2019,1,3,8,532,99,167500
160,5,673,1382,2,3,6,490,6,165000
30,7,440,869,1,2,4,0,83,85500
120,5,1241,1241,1,1,4,569,1,199900
20,5,894,894,1,3,5,400,53,110000
20,6,1121,1121,1,3,5,480,46,139000
85,9,944,999,1,3,6,588,47,178400
60,5,1225,2612,2,4,8,676,11,336000
20,5,1266,1266,2,2,6,388,1,159895
60,5,1128,2290,2,4,9,779,6,255900
90,5,0,1734,2,4,8,539,32,126000
190,5,1164,1164,1,3,5,240,58,125000
50,8,485,1635,1,2,5,255,96,117000
20,5,1930,1940,2,3,8,606,1,395192
60,6,848,2030,2,4,8,551,31,195000
60,5,770,1576,2,3,6,614,0,197000
60,5,1396,2392,2,3,7,870,9,348000
70,9,916,1742,1,4,8,424,127,168000
60,8,822,1851,2,3,7,440,43,187000
60,5,750,1500,2,3,6,564,1,173900
20,5,1700,1718,2,3,7,786,3,337500
50,7,747,1230,1,3,5,305,60,121600
20,6,1050,1050,1,3,6,368,45,136500
20,6,1442,1442,2,2,6,615,39,185000
30,4,1007,1077,1,3,6,210,84,91000
20,5,1187,1208,2,2,6,632,4,206000
20,3,0,944,1,2,4,528,57,82000
30,6,691,691,1,2,4,216,87,86000
20,5,1574,1574,2,3,7,824,2,232000
90,6,1680,1680,2,4,8,528,31,136905
120,5,1346,1504,2,1,7,457,4,181000
80,8,985,985,2,3,6,328,31,149900
20,3,1657,1657,2,3,7,484,37,163500
160,4,546,1092,1,3,6,286,39,88000
20,5,1710,1710,2,3,7,550,5,240000
50,5,1008,1522,2,4,7,0,80,102000
50,5,720,1271,2,4,7,312,60,135000
90,5,0,1664,2,4,8,0,45,100000
70,7,602,1502,1,3,7,180,84,165000
30,4,1022,1022,1,2,4,280,99,85000
20,5,1082,1082,1,2,5,240,59,119200
60,6,810,1665,2,3,6,528,8,227000
20,5,1504,1504,2,3,6,478,13,203000
120,5,1220,1360,1,1,4,565,25,187500
80,5,384,1472,2,3,7,402,16,160000
120,5,1362,1506,2,2,6,440,1,213490
20,5,1132,1132,1,2,5,451,3,176000
20,5,1199,1220,2,2,6,632,0,194000
50,5,912,1248,1,2,6,160,77,87000
120,5,1346,1504,2,2,7,437,3,191000
20,6,1565,2898,2,2,10,665,32,287000
20,5,882,882,1,3,5,461,35,112500
20,5,1268,1264,1,3,6,461,50,167500
20,5,1638,1646,2,3,7,800,1,293077
50,5,768,1376,1,3,6,240,66,105000
160,7,672,1218,1,3,7,264,34,118000
190,8,686,1928,2,5,10,0,90,160000
75,3,824,3082,2,5,12,672,89,197000
60,7,1338,2520,2,5,10,796,13,310000
20,5,1654,1654,2,3,6,900,4,230000
30,7,920,954,1,2,5,240,69,119750
20,3,0,845,1,3,5,290,52,84000
20,5,1620,1620,2,2,6,912,2,315500
60,5,1055,2263,2,3,7,905,7,287000
160,6,546,1344,1,3,6,0,39,97000
180,4,630,630,1,1,3,286,39,80000
20,4,1134,1803,2,3,8,484,49,155000
60,8,800,1632,1,4,7,484,42,173000
120,5,1306,1306,2,1,5,624,4,196000
60,5,1475,2329,2,4,10,514,18,262280
20,5,2524,2524,2,4,9,542,28,278000
20,5,0,1733,2,4,8,452,54,139600
60,5,1992,2868,3,4,11,716,1,556581
20,5,990,990,1,3,5,672,14,145000
20,4,0,1771,1,3,9,336,49,115000
20,7,0,930,1,2,6,308,64,84900
20,5,1302,1302,2,3,6,436,0,176485
20,5,1316,1316,2,3,6,440,0,200141
60,6,816,1977,1,4,9,540,43,165000
20,6,1216,1526,1,4,7,364,53,144500
60,5,1065,1989,2,3,7,586,4,255000
20,5,1193,1523,2,3,7,478,32,180000
120,5,1364,1364,2,2,6,484,1,185850
60,6,973,1850,2,3,7,467,15,248000
60,5,1104,2184,2,3,10,836,1,335000
50,7,854,1991,1,3,7,432,75,220000
120,5,1338,1338,2,2,6,582,9,213500
30,4,894,894,1,2,6,1248,73,81000
190,5,662,2337,2,5,10,560,107,90000
30,6,1103,1103,1,2,5,440,81,110500
20,6,1154,1154,1,3,6,480,43,154000
60,5,1306,2260,2,3,7,533,14,328000
60,7,799,1571,2,3,7,380,16,178000
60,6,780,1611,1,4,7,442,44,167900
160,4,942,2521,2,5,10,576,33,151400
45,7,845,893,1,2,4,576,58,135000
20,5,1048,1048,1,3,6,286,51,135000
60,6,727,1556,1,4,8,441,41,154000
50,3,810,1456,1,4,7,280,58,91500
60,6,690,1426,1,3,6,440,32,159500
20,5,1240,1240,2,2,5,826,1,194000
70,6,800,1740,1,3,6,240,67,219500
50,8,796,1466,2,3,7,566,70,170000
20,5,1096,1096,1,3,6,299,37,138800
120,5,848,848,1,1,3,420,2,155900
20,5,990,990,1,3,5,299,13,126000
20,7,1258,1258,2,3,5,528,37,145000
20,5,1040,1040,1,3,5,308,47,133000
20,5,1459,1459,2,3,6,527,5,192000
20,6,1251,1251,1,3,6,461,42,160000
60,5,691,1498,2,3,6,409,11,187500
85,6,936,996,1,2,5,564,18,147000
160,5,546,1092,1,3,6,286,37,83500
60,5,1082,1953,2,3,9,1043,4,252000
160,5,970,1709,2,3,7,380,2,137500
120,5,1247,1247,1,1,4,550,1,197000
90,4,0,1040,2,2,6,400,59,92900
160,5,600,1252,2,2,4,462,9,160000
50,5,1181,1694,2,4,7,576,83,136500
20,8,864,1200,1,1,6,884,41,146000
20,7,936,936,1,2,4,308,54,129000
20,5,1314,1314,2,3,6,440,1,176432
70,7,684,1355,1,3,7,0,93,127000
120,5,1074,1088,1,2,5,461,21,170000
50,6,672,1324,1,3,6,240,73,128000
20,5,1271,1601,2,3,7,478,31,157000
30,5,290,438,1,1,3,246,89,60000
20,5,950,950,1,3,5,280,36,119500
20,7,1010,1134,1,2,6,254,47,135000
20,6,655,1194,1,3,6,539,47,159500
160,5,630,1302,2,3,6,440,37,106000
60,5,1463,2622,2,3,9,712,16,325000
20,5,910,1442,2,3,6,719,17,179900
60,5,868,2021,2,3,9,422,0,274725
60,5,924,1690,2,3,7,463,7,181000
20,5,1836,1836,2,3,7,862,5,280000
60,5,773,1658,2,3,8,431,13,188000
60,6,803,1964,2,4,8,483,32,205000
20,7,816,816,1,2,5,308,49,129900
20,7,1008,1008,1,2,6,240,54,134500
20,7,833,833,1,2,4,326,52,117000
20,5,1734,1734,2,3,7,928,0,318000
80,5,408,1419,2,3,7,527,7,184100
20,7,894,894,1,3,5,450,41,130000
80,6,533,1601,1,3,6,300,50,140000
20,5,1040,1040,1,3,6,286,47,133700
30,5,1012,1012,1,2,6,308,87,118400
20,5,1552,1552,2,3,7,782,1,212900
20,3,672,960,1,3,5,288,53,112000
20,9,698,698,1,2,4,0,62,118000
80,5,384,1482,2,3,7,392,15,163900
20,5,1005,1005,1,2,5,672,54,115000
120,5,1373,1555,2,2,7,660,2,174000
20,5,1530,1530,2,3,7,630,3,259000
60,5,847,1959,2,4,8,434,3,215000
90,5,936,936,1,2,4,672,27,140000
50,3,1122,1981,2,4,7,576,81,135000
20,5,974,974,1,3,5,0,16,93500
70,4,1008,2210,2,5,8,205,127,117500
60,5,1128,2020,2,3,8,466,14,239500
60,5,916,1600,2,3,7,460,10,169000
30,5,960,986,1,2,5,180,81,102000
50,5,1032,1252,1,3,6,288,58,119000
50,8,780,1020,1,2,6,0,135,94000
20,5,1567,1567,2,2,5,714,32,196000
30,5,915,1167,1,3,6,495,87,144000
20,7,952,952,1,2,4,840,57,139000
60,7,780,1868,2,4,9,484,33,197500
60,5,1466,2828,3,4,11,1052,1,424870
20,3,1006,1006,1,3,5,0,49,80000
190,4,672,924,1,2,5,280,69,80000
50,6,1042,1576,1,3,8,225,78,149000
20,5,1298,1298,2,3,5,403,21,180000
70,7,704,1564,1,3,7,234,68,174500
50,7,572,1111,1,2,5,288,82,116900
70,9,650,1482,1,3,7,324,89,143000
20,5,932,932,1,2,4,306,57,124000
20,4,1466,1466,1,3,6,528,47,149900
20,7,1073,1811,1,2,6,470,50,230000
30,8,816,816,1,2,5,432,78,120500
60,6,864,1820,1,4,8,492,43,201800
20,8,1437,1437,2,3,6,528,31,218000
80,8,1219,1265,2,3,6,502,43,179900
120,5,1314,1314,2,2,6,626,2,230000
20,5,1580,1580,2,3,7,830,1,235128
60,6,901,1876,2,4,8,540,34,185000
160,5,855,1456,2,3,7,440,32,146000
20,7,1296,1640,1,3,7,924,54,224000
20,5,894,894,1,3,5,450,39,129000
90,4,1198,1258,0,0,6,400,39,108959
80,7,1360,1432,1,2,5,588,29,194000
20,5,1502,1502,2,3,7,644,0,233170
20,5,1694,1694,2,3,7,776,2,245350
60,5,959,1671,2,3,7,472,6,173000
70,7,1127,2108,2,4,7,540,73,235000
60,5,1930,3627,3,4,10,807,11,625000
80,6,1096,1118,1,3,6,358,31,171000
20,6,1261,1261,1,3,6,433,50,163000
160,5,625,1250,2,2,5,625,2,171900
50,6,1598,3086,3,3,12,0,61,200500
70,8,952,2345,2,4,9,360,74,239000
50,5,1683,2872,2,4,9,541,15,285000
20,5,876,923,1,3,5,264,24,119500
50,8,818,1224,1,3,5,210,83,115000
50,6,731,1343,1,3,7,186,88,154900
20,5,0,1124,1,3,5,0,52,93000
60,5,1216,2514,2,4,8,693,16,250000
120,5,1600,1652,2,2,5,482,0,392500
60,5,2396,4476,3,4,10,813,11,745000
30,6,1120,1130,1,2,5,720,86,120000
20,4,1572,1572,1,3,5,995,44,186700
50,7,784,1221,1,4,7,392,82,104900
190,5,978,1699,2,3,7,420,109,95000
20,5,1624,1624,2,2,5,757,12,262000
60,5,831,1660,2,3,7,493,7,195000
60,5,994,1804,2,3,7,442,11,189000
190,4,1249,1622,1,3,7,1356,46,168000
160,5,776,1441,2,2,5,492,8,174000
50,8,702,1472,1,3,6,250,82,125000
120,5,1224,1224,2,2,5,402,10,165000
60,7,663,1352,1,4,7,299,41,158000
60,5,728,1456,2,3,8,400,3,176000
60,5,879,1863,2,4,9,660,0,219210
75,6,815,1690,1,3,7,225,90,144000
20,5,1212,1212,2,3,6,573,8,178000
20,5,1051,1382,1,3,6,459,43,148000
20,5,864,864,1,3,5,280,36,116050
60,5,866,1779,2,3,6,546,11,197900
50,8,884,1348,1,3,5,216,84,117000
20,5,1630,1630,2,3,6,451,9,213000
20,6,1056,1074,1,3,6,495,31,153500
20,7,2158,2196,2,3,7,701,19,271900
20,4,1056,1056,1,2,5,384,40,107000
20,5,1682,1700,2,3,7,544,3,200000
20,7,931,1283,1,3,6,506,46,140000
20,5,1660,1660,2,3,8,500,0,290000
60,5,1055,1845,2,3,8,462,18,189000
50,7,559,1752,2,4,8,492,22,164000
30,6,672,672,1,2,4,234,68,113000
80,9,648,960,0,0,3,364,41,145000
85,5,925,999,1,3,6,300,44,134500
20,5,894,894,1,3,5,384,41,125000
90,5,0,1902,2,4,8,539,32,112000
20,5,1300,1314,2,3,6,552,0,229456
50,5,0,912,1,2,3,0,59,80500
160,5,672,1218,1,3,7,0,35,91500
20,5,912,912,1,2,5,288,42,115000
20,5,952,1211,1,3,5,322,40,134000
50,6,1040,1846,2,3,7,315,58,143000
20,3,2136,2136,2,4,7,528,55,137900
60,5,788,1490,2,3,8,388,4,184000
80,8,588,1138,1,3,6,264,49,145000
60,5,894,1933,2,4,9,668,1,214000
20,8,912,912,1,2,5,576,43,147000
120,5,1702,1702,1,1,7,1052,0,367294
80,5,1075,1507,2,4,7,404,48,127000
90,5,1361,2620,2,4,12,600,30,190000
90,6,1106,1190,1,3,6,540,44,132500
90,5,0,1224,2,2,6,462,45,101800
20,5,1188,1188,1,3,6,531,51,142000
70,6,940,1964,1,4,7,0,97,130000
70,5,747,1784,1,4,9,180,92,138887
160,5,764,1626,2,2,6,474,7,175500
60,5,847,1948,2,4,8,434,2,195000
20,5,1141,1141,1,3,6,484,1,142500
20,5,1476,1484,2,2,6,472,1,265900
60,5,884,1768,2,3,8,543,5,224900
20,6,1689,1689,2,3,7,954,0,248328
85,6,1053,1173,2,3,6,528,36,170000
20,5,2076,2076,2,2,7,850,0,465000
70,7,792,1517,1,3,7,400,77,230000
80,7,585,1868,3,3,7,477,23,178000
60,5,756,1553,2,3,6,615,1,186500
80,5,1012,1034,1,3,6,888,34,169900
75,5,735,2058,1,3,8,396,91,129500
20,7,876,988,1,3,6,276,57,119000
20,5,2110,2110,2,3,8,522,42,244000
120,5,1405,1405,2,2,6,478,3,171750
20,6,864,874,1,3,5,288,41,130000
60,7,1192,2167,2,3,9,518,33,294000
60,5,746,1656,2,3,7,397,5,165400
50,6,884,1367,1,3,6,560,76,127500
20,5,1986,1987,2,2,7,691,14,301500
30,8,864,864,1,2,4,0,87,99900
80,5,856,1166,2,2,5,400,3,190000
20,8,1054,1054,1,3,6,460,39,151000
60,5,841,1675,2,3,7,502,10,181000
20,6,1050,1050,1,2,5,338,53,128900
50,5,1104,1788,1,5,8,304,52,161500
70,6,764,1824,1,3,8,520,88,180500
120,5,1405,1337,2,2,5,511,10,181000
160,5,691,1452,2,3,6,506,7,183900
190,4,925,1889,1,4,9,308,97,122000
20,5,2002,2018,2,3,10,746,2,378500
50,9,728,3447,3,4,11,1014,73,381000
50,5,874,1524,1,3,7,315,49,144000
40,6,1332,1524,0,0,4,586,31,260000
20,7,1489,1489,2,3,7,462,41,185750
20,6,935,935,1,3,5,288,41,137000
80,7,1019,1357,1,2,5,312,49,177000
50,6,661,1250,2,3,8,552,97,139000
90,5,928,1920,2,4,10,400,59,137000
60,6,723,1395,1,3,6,497,37,162000
80,5,1680,1724,1,3,7,480,42,197900
60,5,1128,2031,2,3,7,577,6,237000
50,4,698,1128,1,2,6,528,90,68400
20,5,1573,1573,2,3,6,544,7,227000
20,5,1309,1339,2,2,6,484,16,180000
20,7,1040,1040,2,3,5,484,32,150500
90,5,912,1824,2,4,8,0,39,139000
50,7,804,2447,2,4,10,336,91,169000
50,6,780,1412,1,4,6,280,70,132500
20,5,1328,1328,1,3,6,528,47,143000
20,5,1624,1582,2,4,7,390,42,190000
120,5,1501,1659,2,2,5,499,9,278000
60,5,1085,1970,2,3,8,753,0,281000
80,7,1152,1152,1,3,6,484,46,180500
160,7,630,1302,2,3,6,264,37,119500
70,4,994,2372,2,4,11,432,117,107500
60,5,832,1664,2,4,8,528,30,162900
20,7,864,864,1,2,5,572,51,115000
20,5,1052,1052,1,3,5,288,38,138500
20,6,1120,1128,2,3,6,525,45,155000
180,5,547,1072,2,2,5,525,1,140000
60,5,6110,5642,2,3,12,1418,0,160000
20,7,1246,1246,1,3,6,305,51,154000
60,5,978,1983,2,3,9,490,10,225000
70,7,771,1494,1,3,7,213,67,177500
60,5,1165,2526,2,4,8,844,12,290000
20,5,1616,1616,2,3,7,834,1,232000
160,5,976,1708,2,3,7,380,2,130000
20,5,1652,1652,2,2,6,840,3,325000
120,5,1368,1368,2,2,6,474,1,202500
20,5,990,990,1,3,5,480,15,138000
20,7,924,1122,1,2,6,528,60,147000
20,5,1278,1294,2,3,6,496,17,179200
20,8,1902,1902,2,3,7,567,51,335000
20,5,1274,1274,2,3,6,508,2,203000
60,5,1453,2810,2,4,9,750,17,302000
60,5,1393,2599,2,4,10,779,11,333168
20,6,948,948,1,3,5,280,53,119000
60,5,952,2112,2,4,9,576,39,206900
20,5,1622,1630,2,3,8,860,1,295493
120,5,1352,1352,2,2,5,466,1,208900
20,5,1753,1787,2,3,7,748,5,275000
20,5,864,948,1,3,5,248,53,111000
20,3,1478,1478,1,3,6,442,52,156500
20,6,0,720,1,2,4,287,59,72500
60,5,750,1923,2,3,8,564,18,190000
30,7,420,708,1,2,5,0,69,82500
20,5,1795,1795,2,2,7,895,1,147000
30,4,796,796,1,2,5,0,86,55000
30,6,544,774,1,3,6,0,76,79000
20,9,816,816,1,3,5,264,26,130500
50,7,1510,2792,2,5,8,520,88,256000
60,5,935,1632,2,3,8,462,8,176500
20,5,1588,1588,2,3,7,825,1,227000
80,5,911,954,1,3,6,576,30,132500
20,6,816,816,1,2,3,288,71,100000
50,6,803,1360,1,2,6,297,68,125500
160,6,765,1365,1,3,7,440,39,125000
20,5,1350,1334,2,2,6,630,32,167900
90,5,1656,1656,2,4,8,506,35,135000
30,4,693,693,1,2,4,0,65,52500
60,5,916,1861,2,3,8,492,4,200000
20,7,864,864,1,3,5,288,34,128500
20,5,858,872,1,3,5,480,36,123000
20,5,1114,1114,1,3,6,576,5,155000
60,5,1284,2169,2,3,7,647,5,228500
50,6,896,1913,1,3,9,342,81,177000
60,5,728,1456,2,3,8,440,1,155835
30,4,960,960,1,2,5,308,87,108500
20,7,1568,2156,2,3,9,508,38,262500
20,5,1732,1776,2,3,7,712,1,283463
20,5,1482,1494,2,3,5,514,9,215000
70,5,684,2358,2,4,8,0,136,122000
90,5,1248,2634,2,6,12,968,40,200000
60,6,858,1716,1,4,8,490,46,171000
50,9,698,1176,1,2,4,624,72,134900
50,5,2033,3238,2,4,9,666,15,410000
60,5,992,1865,2,3,7,839,8,235000
80,6,570,1920,3,4,8,487,38,170000
20,5,864,892,1,3,5,264,42,110000
20,6,1078,1078,1,3,6,500,39,149900
160,5,756,1573,2,3,5,440,10,177500
20,5,1980,1980,2,3,8,770,2,315000
70,6,612,2601,3,4,8,621,87,189000
20,5,1530,1530,2,3,7,430,4,260000
50,4,715,1738,2,4,7,368,89,104900
60,5,616,1412,2,3,6,432,1,156932
160,5,600,1200,2,2,4,480,1,144152
60,5,814,1674,2,3,7,663,10,216000
60,5,873,1790,2,3,7,588,9,193000
160,6,757,1475,2,4,6,336,29,127000
120,5,848,848,1,1,4,420,6,144000
20,5,1657,1668,2,3,8,502,7,232000
50,6,840,1374,1,2,6,338,89,105000
80,6,992,1661,1,3,8,377,53,165500
60,6,1108,2097,2,3,8,583,8,274300
20,5,2633,2633,2,2,8,804,6,466500
60,5,1026,1958,2,3,9,936,3,250000
20,5,1571,1571,2,3,7,722,0,239000
30,5,768,790,1,2,4,160,78,91000
50,5,984,1604,2,3,6,660,68,117000
160,5,483,987,1,2,5,264,33,83000
80,5,384,1394,2,3,7,400,2,167500
30,3,864,864,1,2,5,200,96,58500
20,7,1205,2117,2,4,7,550,38,237500
70,7,596,1762,1,4,8,576,86,157000
30,7,816,1416,2,3,7,576,89,112000
50,5,560,1258,1,2,6,280,70,105000
50,8,796,1154,1,3,7,240,88,125500
60,5,1392,2784,3,5,12,564,28,250000
50,7,714,2526,2,5,10,216,91,136000
20,5,1746,1746,2,3,7,758,3,377500
50,6,735,1218,1,3,6,440,66,131000
20,5,1525,1525,2,3,6,541,6,235000
90,5,1584,1584,2,4,8,792,42,124000
85,5,864,900,1,3,6,288,39,123000
190,7,482,1912,2,3,7,672,103,163000
120,5,1356,1500,2,2,6,648,0,246578
60,5,1094,2482,2,4,9,642,2,281213
20,5,747,1687,1,3,7,572,62,160000
70,8,939,1513,1,4,8,180,87,137500
50,4,1208,1904,1,3,7,240,59,138000
50,6,976,1608,2,3,7,216,84,137450
50,7,862,1158,1,3,5,208,79,120000
60,5,839,1593,2,3,8,398,4,193000
20,5,1286,1294,2,2,6,662,0,193879
20,5,1485,1464,2,3,6,754,0,282922
50,4,672,1214,1,3,6,936,91,105000
120,5,1594,1646,2,2,5,482,4,275000
85,7,768,768,1,2,5,396,37,133000
20,5,833,833,1,3,5,0,24,112000
70,7,622,1363,1,3,6,528,100,125500
60,6,791,2093,2,3,7,542,22,215000
60,5,944,1840,2,3,6,622,8,230000
50,8,856,1668,1,3,6,271,59,140000
90,5,0,1040,2,2,6,420,60,90000
20,5,1844,1844,2,2,7,620,4,257000
50,7,833,1848,1,4,8,370,85,207000
120,5,1386,1569,2,1,7,660,2,175900
190,6,777,2290,2,4,11,560,125,122500
60,5,1284,2450,2,3,7,1069,11,340000
20,5,1144,1144,1,3,6,336,45,124000
20,5,1844,1844,2,3,7,540,37,223000
60,6,708,1416,2,3,7,776,38,179900
120,5,1069,1069,2,2,4,440,33,127500
120,5,848,848,1,1,3,420,5,136500
80,7,697,2201,2,4,8,432,40,274970
20,5,1024,1344,1,2,6,484,49,144000
20,6,1252,1252,1,3,7,528,49,142000
60,5,1223,2127,2,3,5,525,14,271000
50,6,913,1558,1,3,6,288,63,140000
30,7,788,804,1,2,4,240,70,119000
20,7,1440,1440,2,3,7,467,26,182900
60,5,732,1838,2,4,7,372,1,192140
120,6,958,958,2,2,5,440,33,143750
30,6,656,968,2,4,5,216,80,64500
60,5,936,1792,2,3,8,451,8,186500
20,5,1126,1126,2,3,5,484,29,160000
20,9,1319,1537,1,3,7,462,46,174000
20,6,864,864,1,3,5,528,36,120500
20,5,1932,1932,2,2,7,774,0,394617
20,7,912,1236,1,2,6,923,53,149700
60,6,539,1725,2,3,6,550,28,197000
70,7,588,2555,2,3,11,672,86,191000
120,5,848,848,1,1,3,420,4,149300
60,5,1017,2007,2,3,10,812,1,310000
30,6,952,952,1,2,4,192,93,121000
20,5,1422,1422,2,3,7,626,3,179600
85,5,814,913,1,3,6,240,41,129000
20,7,1188,1188,1,3,6,312,48,157900
60,5,1220,2090,2,3,8,556,12,240000
50,7,560,1346,1,2,6,384,97,112000
180,7,630,630,1,1,3,0,36,92000
90,5,896,1792,2,4,8,0,35,136000
20,5,1573,1578,2,3,7,840,1,287090
180,5,547,1072,1,2,5,525,1,145000
20,5,1140,1140,1,3,6,0,0,84500
20,5,1221,1221,2,2,6,400,5,185000
60,5,953,1647,2,3,7,460,8,175000
20,6,1542,2073,2,3,7,500,32,210000
70,9,1152,2340,2,4,9,252,69,266500
20,6,1078,1078,1,2,5,240,60,142125
20,6,1256,1256,1,3,6,276,43,147500
