MSSubClass,LotArea,OverallCond,Exterior1st,TotalBsmtSF,CentralAir,GrLivArea,FullBath,HalfBath,BedroomAbvGr,KitchenAbvGr,TotRmsAbvGrd,GarageArea,Neighborhood,Age,SalePrice
60,8450,5,VinylSd,856,Y,1710,2,1,3,1,8,548,CollgCr,5,208500
20,9600,8,MetalSd,1262,Y,1262,2,0,3,1,6,460,Veenker,31,181500
60,11250,5,VinylSd,920,Y,1786,2,1,3,1,6,608,CollgCr,7,223500
70,9550,5,Wd Sdng,756,Y,1717,1,0,3,1,7,642,Crawfor,91,140000
60,14260,5,VinylSd,1145,Y,2198,2,1,4,1,9,836,NoRidge,8,250000
50,14115,5,VinylSd,796,Y,1362,1,1,1,1,5,480,Mitchel,16,143000
20,10084,5,VinylSd,1686,Y,1694,2,0,3,1,7,636,Somerst,3,307000
60,10382,6,HdBoard,1107,Y,2090,2,1,3,1,7,484,NWAmes,36,200000
50,6120,5,BrkFace,952,Y,1774,2,0,2,2,8,468,OldTown,77,129900
190,7420,6,MetalSd,991,Y,1077,1,0,2,2,5,205,BrkSide,69,118000
20,11200,5,HdBoard,1040,Y,1040,1,0,3,1,5,384,Sawyer,43,129500
60,11924,5,WdShing,1175,Y,2324,3,0,4,1,11,736,NridgHt,1,345000
20,12968,6,HdBoard,912,Y,912,1,0,2,1,4,352,Sawyer,46,144000
20,10652,5,VinylSd,1494,Y,1494,2,0,3,1,7,840,CollgCr,1,279500
20,10920,5,MetalSd,1253,Y,1253,1,1,2,1,5,352,NAmes,48,157000
45,6120,8,Wd Sdng,832,Y,854,1,0,2,1,5,576,BrkSide,78,132000
20,11241,7,Wd Sdng,1004,Y,1004,1,0,2,1,5,480,NAmes,40,149000
90,10791,5,MetalSd,0,Y,1296,2,0,2,2,6,516,Sawyer,39,90000
20,13695,5,VinylSd,1114,Y,1114,1,1,3,1,6,576,SawyerW,4,159000
20,7560,6,BrkFace,1029,Y,1339,1,0,3,1,6,294,NAmes,51,139000
60,14215,5,VinylSd,1158,Y,2376,3,1,4,1,9,853,NridgHt,1,325300
45,7449,7,Wd Sdng,637,Y,1108,1,0,3,1,6,280,IDOTRR,77,139400
20,9742,5,VinylSd,1777,Y,1795,2,0,3,1,7,534,CollgCr,6,230000
120,4224,7,CemntBd,1040,Y,1060,1,0,3,1,6,572,MeadowV,31,129900
20,8246,8,Plywood,1060,Y,1060,1,0,3,1,6,270,Sawyer,42,154000
20,14230,5,VinylSd,1566,Y,1600,2,0,3,1,7,890,NridgHt,2,256300
20,7200,7,Wd Sdng,900,Y,900,1,0,3,1,5,576,NAmes,59,134800
20,11478,5,VinylSd,1704,Y,1704,2,0,3,1,7,772,NridgHt,3,306000
20,16321,6,MetalSd,1484,Y,1600,1,0,2,1,6,319,NAmes,49,207500
30,6324,6,MetalSd,520,N,520,1,0,1,1,4,240,BrkSide,81,68500
70,8500,4,BrkFace,649,N,1317,1,0,3,1,6,250,IDOTRR,88,40000
20,8544,6,HdBoard,1228,Y,1228,1,1,3,1,6,271,Sawyer,42,149350
20,11049,5,VinylSd,1234,Y,1234,2,0,3,1,7,484,CollgCr,1,179900
20,10552,5,BrkFace,1398,Y,1700,1,1,4,1,6,447,NAmes,51,165500
120,7313,5,MetalSd,1561,Y,1561,2,0,2,1,6,556,NridgHt,2,277500
60,13418,5,VinylSd,1117,Y,2452,3,1,4,1,9,691,NridgHt,2,309000
20,10859,5,VinylSd,1097,Y,1097,1,1,3,1,6,672,CollgCr,15,145000
20,8532,6,Wd Sdng,1297,Y,1297,1,0,3,1,5,498,NAmes,55,153000
20,7922,7,VinylSd,1057,Y,1057,1,0,3,1,5,246,NAmes,57,109000
90,6040,5,AsbShng,0,N,1152,2,0,2,2,6,0,Edwards,53,82000
20,8658,5,Wd Sdng,1088,Y,1324,2,0,3,1,6,440,NAmes,41,160000
20,16905,6,VinylSd,1350,Y,1328,1,1,2,1,5,308,Timber,48,170000
85,9180,7,HdBoard,840,Y,884,1,0,2,1,5,504,SawyerW,24,144000
20,9200,6,VinylSd,938,Y,938,1,0,3,1,5,308,CollgCr,33,130250
20,7945,6,BrkFace,1150,Y,1150,1,0,3,1,6,300,NAmes,47,141000
120,7658,5,MetalSd,1752,Y,1752,2,0,2,1,6,576,NridgHt,5,319900
50,12822,5,VinylSd,1434,Y,2149,1,1,1,1,6,670,Mitchel,6,239686
20,11096,5,VinylSd,1656,Y,1656,2,0,3,1,7,826,Somerst,1,249700
190,4456,5,MetalSd,736,Y,1452,2,0,2,3,8,0,OldTown,89,113000
20,7742,7,HdBoard,955,Y,955,1,0,3,1,6,386,Sawyer,41,127000
60,13869,6,VinylSd,794,Y,1470,2,0,3,1,6,388,Gilbert,10,177000
50,6240,6,Wd Sdng,816,Y,1176,1,0,3,1,6,528,BrkSide,72,114500
90,8472,5,Wd Sdng,816,N,816,1,0,2,1,5,516,IDOTRR,47,110000
20,50271,5,WdShing,1842,Y,1842,0,1,0,1,5,894,Veenker,25,385000
80,7134,5,MetalSd,384,Y,1360,1,0,3,1,6,572,NAmes,52,130000
20,10175,5,HdBoard,1425,Y,1425,2,0,3,1,7,576,NAmes,44,180500
160,2645,5,MetalSd,970,Y,1739,2,1,3,1,7,480,Somerst,10,172500
60,11645,5,VinylSd,860,Y,1720,2,1,3,1,7,565,CollgCr,2,196500
60,13682,5,VinylSd,1410,Y,2945,3,1,3,1,10,641,StoneBr,0,438780
20,7200,7,HdBoard,780,Y,780,1,0,2,1,4,352,CollgCr,36,124900
20,13072,5,VinylSd,1158,Y,1158,1,1,3,1,5,576,SawyerW,2,158000
75,7200,7,MetalSd,530,N,1111,1,0,3,1,6,288,IDOTRR,87,101000
120,6442,5,VinylSd,1370,Y,1370,2,0,2,1,6,484,NridgHt,1,202500
70,10300,6,Stucco,576,Y,1710,2,0,3,1,9,480,OldTown,89,140000
60,9375,5,VinylSd,1057,Y,2034,2,1,3,1,8,645,CollgCr,12,219500
60,9591,5,VinylSd,1143,Y,2473,2,1,4,1,9,852,NridgHt,3,317000
20,19900,5,Plywood,1947,Y,2207,2,0,3,1,7,576,NAmes,40,180000
20,10665,5,VinylSd,1453,Y,1479,2,0,3,1,7,558,CollgCr,4,226000
30,4608,6,MetalSd,747,Y,747,1,0,2,1,4,220,OldTown,65,80000
50,15593,4,BrkFace,1304,Y,2287,2,0,3,1,7,667,ClearCr,53,225000
20,13651,6,Plywood,2223,Y,2223,2,0,3,1,8,516,NAmes,34,244000
20,7599,6,HdBoard,845,Y,845,1,0,2,1,4,360,Mitchel,25,129500
60,10141,5,VinylSd,832,Y,1718,2,1,3,1,7,427,Gilbert,11,185000
20,10200,7,Wd Sdng,1086,Y,1086,1,0,3,1,6,490,NAmes,56,144900
50,5790,6,VinylSd,840,N,1605,2,0,3,2,8,379,OldTown,95,107400
180,1596,5,CemntBd,462,Y,988,1,0,2,1,5,297,MeadowV,36,91000
20,8475,7,VinylSd,952,Y,952,1,0,2,1,4,283,NAmes,52,135750
50,8635,5,Wd Sdng,672,Y,1285,1,0,2,1,6,240,BrkSide,60,127000
90,10778,5,HdBoard,1768,N,1768,2,0,4,2,8,0,Sawyer,42,136500
50,10440,6,Wd Sdng,440,Y,1230,1,1,2,1,5,440,OldTown,99,110000
60,13000,6,VinylSd,896,Y,2142,2,1,4,1,8,509,NAmes,41,193500
120,4500,5,VinylSd,1237,Y,1337,2,0,2,1,5,405,Mitchel,8,153500
20,10206,5,VinylSd,1563,Y,1563,2,0,3,1,6,758,Somerst,1,245000
20,8892,5,MetalSd,1065,Y,1065,1,1,3,1,6,461,NAmes,47,126500
80,8530,5,HdBoard,384,Y,1474,2,1,3,1,7,400,Gilbert,14,168500
60,16059,5,HdBoard,1288,Y,2417,2,1,4,1,9,462,NoRidge,15,260000
60,11911,5,VinylSd,684,Y,1560,2,1,3,1,6,400,Gilbert,4,174000
160,3951,5,VinylSd,612,Y,1224,2,1,2,1,4,528,Somerst,0,164500
50,8470,2,Plywood,1013,N,1526,1,0,2,1,6,0,IDOTRR,94,85000
20,8070,5,VinylSd,990,Y,990,1,0,3,1,5,0,CollgCr,13,123600
20,7200,5,BrkFace,0,Y,1040,1,0,2,1,4,420,NAmes,56,109900
20,8500,3,HdBoard,1235,Y,1235,1,0,2,1,6,480,NAmes,45,98600
30,13360,7,Wd Sdng,876,Y,964,1,0,2,1,5,432,Crawfor,88,163500
190,7200,6,MetalSd,1214,N,2291,2,0,4,2,9,506,OldTown,97,133900
60,9337,5,VinylSd,824,Y,1786,2,1,3,1,7,684,CollgCr,10,204750
60,9765,8,VinylSd,680,Y,1470,2,1,3,1,6,420,Gilbert,16,185000
20,10264,5,VinylSd,1588,Y,1588,2,0,3,1,6,472,CollgCr,7,214000
20,10921,5,HdBoard,960,Y,960,1,0,3,1,6,432,Edwards,42,94750
30,10625,5,Wd Sdng,458,N,835,1,0,2,1,5,366,Edwards,90,83000
20,9320,5,Plywood,950,Y,1225,1,1,3,1,6,0,NAmes,51,128950
20,10603,7,Plywood,1610,Y,1610,2,0,3,1,6,480,NWAmes,33,205000
60,9206,5,HdBoard,741,Y,1732,2,1,3,1,7,476,SawyerW,25,178000
90,7018,5,HdBoard,0,Y,1535,2,0,4,2,8,410,SawyerW,30,118964
20,10402,5,VinylSd,1226,Y,1226,2,0,3,1,6,740,CollgCr,1,198900
50,7758,4,Stucco,1040,Y,1818,1,1,4,1,7,240,IDOTRR,76,169500
60,9375,5,VinylSd,1053,Y,1992,2,1,3,1,9,648,Somerst,5,250000
30,10800,7,VinylSd,641,Y,1047,1,0,2,1,6,273,OldTown,122,100000
20,6000,5,VinylSd,789,Y,789,1,0,2,1,5,250,OldTown,60,115000
50,8500,7,CemntBd,793,N,1517,2,0,3,1,7,0,IDOTRR,88,115000
20,11751,6,Plywood,1844,Y,1844,2,0,3,1,7,546,NWAmes,33,190000
50,9525,4,Wd Sdng,994,Y,1855,2,0,4,1,7,325,Edwards,52,136900
80,7750,5,VinylSd,384,Y,1430,2,1,3,1,7,400,Gilbert,10,180000
60,9965,5,VinylSd,1264,Y,2696,2,1,4,1,10,792,CollgCr,0,383970
20,21000,5,Wd Sdng,1809,Y,2259,2,0,3,1,7,450,Crawfor,54,217000
70,7259,8,Wd Sdng,1028,Y,2320,2,1,3,1,9,180,Crawfor,62,259500
160,3230,5,MetalSd,729,Y,1458,2,1,2,1,5,440,Somerst,8,176000
20,11616,5,Wd Sdng,1092,Y,1092,1,0,3,1,6,288,Sawyer,47,139000
20,8536,5,VinylSd,1125,Y,1125,1,1,2,1,5,430,Edwards,1,155000
60,12376,5,Plywood,1673,Y,3222,3,0,5,1,11,594,SawyerW,20,320000
60,8461,5,VinylSd,728,Y,1456,2,1,3,1,8,390,CollgCr,1,163990
80,21453,5,Plywood,938,Y,988,1,0,1,1,4,540,ClearCr,37,180000
50,6060,5,AsbShng,732,Y,1123,1,0,3,1,4,264,IDOTRR,68,100000
20,9464,7,MetalSd,1080,Y,1080,1,0,3,1,5,288,NAmes,50,136000
120,7892,5,Plywood,1199,Y,1199,2,0,2,1,5,530,SawyerW,15,153900
20,17043,5,HdBoard,1362,Y,1586,2,0,3,1,7,435,NWAmes,30,181000
190,6780,8,Wd Sdng,520,N,754,1,0,2,1,5,0,IDOTRR,71,84500
120,4928,5,Plywood,1078,Y,958,2,0,2,1,5,440,NPkVill,31,128000
45,4388,7,WdShing,672,Y,840,1,0,3,1,5,0,OldTown,77,87000
60,7590,5,VinylSd,660,Y,1348,1,1,3,1,6,453,NAmes,40,155000
20,8973,7,Plywood,1008,Y,1053,1,1,3,1,6,750,NAmes,48,150000
60,14200,6,MetalSd,924,Y,2157,2,1,4,1,8,487,NAmes,40,226000
60,12224,5,VinylSd,992,Y,2054,2,1,3,1,7,390,Gilbert,9,244000
20,7388,6,MetalSd,1063,Y,1327,1,0,3,1,7,624,NAmes,48,150750
20,6853,5,VinylSd,1267,Y,1296,2,0,2,1,6,471,Timber,8,220000
20,10335,6,Plywood,1461,Y,1721,2,1,3,1,7,440,Sawyer,38,180000
20,10400,6,Plywood,1304,Y,1682,2,0,3,1,7,530,NWAmes,38,174000
20,10355,5,MetalSd,1214,Y,1214,2,0,3,1,5,318,NAmes,40,143000
90,11070,5,VinylSd,1907,Y,1959,3,0,5,2,9,766,Mitchel,18,171000
60,9066,5,VinylSd,1004,Y,1852,2,1,3,1,7,660,CollgCr,9,230000
60,15426,5,VinylSd,928,Y,1764,2,1,3,1,7,470,CollgCr,12,231500
20,10500,5,HdBoard,864,Y,864,1,0,3,1,5,0,NAmes,39,115000
20,11645,5,VinylSd,1734,Y,1734,2,0,3,1,7,660,CollgCr,1,260000
50,8520,4,BrkFace,910,Y,1385,2,0,4,1,6,720,NAmes,58,166000
20,10335,5,VinylSd,1490,Y,1501,2,0,3,1,6,577,CollgCr,10,204000
90,9100,5,HdBoard,1728,Y,1728,2,0,6,2,10,504,Sawyer,43,125000
160,2522,5,VinylSd,970,Y,1709,2,0,3,1,7,380,Edwards,2,130000
30,6120,7,Wd Sdng,715,Y,875,1,0,2,1,5,180,BrkSide,78,105000
60,9505,5,VinylSd,884,Y,2035,2,1,3,1,8,434,Gilbert,9,222500
20,7500,5,VinylSd,1080,Y,1080,1,0,3,1,6,0,SawyerW,4,141000
50,6240,4,MetalSd,896,Y,1344,1,0,3,1,7,240,BrkSide,70,115000
20,10356,6,HdBoard,969,Y,969,1,1,3,1,5,440,CollgCr,32,122000
20,13891,5,VinylSd,1710,Y,1710,2,0,2,1,6,866,NridgHt,1,372402
60,14803,5,HdBoard,825,Y,1993,2,1,4,1,8,495,NWAmes,35,190000
20,13500,7,BrkFace,1602,Y,1252,1,0,1,1,4,564,ClearCr,48,235000
30,11340,5,Wd Sdng,1200,Y,1200,1,0,4,1,7,312,OldTown,83,125000
50,9600,5,Wd Sdng,572,N,1096,1,0,2,1,5,0,Edwards,84,79000
20,7200,7,Wd Sdng,0,Y,1040,1,0,2,1,5,625,NAmes,56,109500
60,12003,5,VinylSd,774,Y,1968,2,1,4,1,8,680,Timber,1,269500
60,12552,5,VinylSd,991,Y,1947,2,1,3,1,8,678,Somerst,6,254900
60,19378,5,VinylSd,1392,Y,2462,2,1,4,1,9,576,Gilbert,1,320000
20,11120,6,Plywood,1232,Y,1232,2,0,3,1,6,516,Veenker,24,162500
60,13688,5,VinylSd,1572,Y,2668,2,1,3,1,10,726,NridgHt,5,412500
20,12182,5,VinylSd,1541,Y,1541,2,0,3,1,7,532,NridgHt,5,220000
45,5500,6,MetalSd,882,Y,882,1,0,1,1,4,0,OldTown,51,103200
40,5400,7,MetalSd,1149,Y,1616,2,0,3,1,5,216,OldTown,81,152000
190,10106,7,Wd Sdng,644,Y,1355,2,0,4,2,6,0,Edwards,68,127500
20,10708,5,Wd Sdng,1617,Y,1867,1,0,2,1,7,303,ClearCr,54,190000
60,10562,5,VinylSd,1582,Y,2161,1,1,3,1,8,789,NridgHt,0,325624
60,8244,5,VinylSd,840,Y,1720,2,1,3,1,7,440,Gilbert,3,183500
20,16669,6,Plywood,1686,Y,1707,2,1,2,1,6,511,Timber,25,228000
50,12358,6,MetalSd,720,Y,1382,1,1,2,1,7,660,OldTown,66,128500
20,31770,5,BrkFace,1080,Y,1656,1,0,3,1,7,528,NAmes,50,215000
160,5306,7,HdBoard,1064,Y,1767,2,0,2,1,5,504,StoneBr,19,239000
20,10197,5,WdShing,1362,Y,1362,1,1,3,1,6,504,NAmes,47,163000
20,12416,5,VinylSd,1606,Y,1651,2,0,3,1,7,616,Timber,22,184000
20,12615,7,WdShing,1202,Y,2158,2,0,4,1,7,576,Edwards,57,243000
60,10029,5,Plywood,1151,Y,2060,2,1,4,1,8,521,ClearCr,19,211000
50,13650,5,MetalSd,1052,Y,1920,2,0,4,1,8,451,Sawyer,48,172500
20,17423,5,VinylSd,2216,Y,2234,2,0,1,1,9,1166,StoneBr,1,501837
30,8520,6,Wd Sdng,968,Y,968,1,0,2,1,5,480,OldTown,84,100000
160,2117,5,MetalSd,756,Y,1525,2,1,3,1,5,440,Somerst,7,177000
70,7588,6,Stucco,793,Y,1802,1,1,4,1,9,216,Crawfor,86,200100
20,9060,6,Wd Sdng,0,Y,1340,1,0,3,1,7,252,Edwards,50,120000
50,11426,5,VinylSd,1362,Y,2082,2,1,3,1,6,484,OldTown,5,200000
50,7438,8,AsbShng,504,Y,1252,1,0,3,1,5,576,BrkSide,98,127000
75,22950,9,Wd Sdng,1107,Y,3608,2,1,4,1,12,840,OldTown,114,475000
80,9947,5,HdBoard,1188,Y,1217,2,0,3,1,6,497,Mitchel,19,173000
50,10410,7,HdBoard,660,Y,1656,2,1,3,1,8,180,OldTown,93,135000
90,7018,5,Plywood,1086,Y,1224,0,2,2,2,6,528,SawyerW,30,153337
120,4923,5,CemntBd,1593,Y,1593,1,1,0,1,5,682,StoneBr,7,286000
70,10570,8,BrkFace,853,Y,2727,2,1,3,1,10,440,Crawfor,75,315000
60,7472,9,HdBoard,725,Y,1479,1,1,4,1,7,484,NAmes,35,184000
20,9017,5,VinylSd,1431,Y,1431,2,0,3,1,6,666,CollgCr,10,192000
160,2522,5,VinylSd,970,Y,1709,2,0,3,1,7,380,Edwards,2,130000
20,7180,7,HdBoard,864,Y,864,1,0,3,1,5,352,CollgCr,36,127000
160,2280,6,Plywood,855,Y,1456,2,1,3,1,7,440,NPkVill,33,148500
20,9416,5,CemntBd,1726,Y,1726,2,0,3,1,8,786,Somerst,0,311872
75,25419,4,Stucco,1360,Y,3112,2,0,4,1,8,795,NAmes,88,235000
75,5520,6,Wd Sdng,755,Y,2229,1,0,5,1,8,0,OldTown,97,104000
20,9591,5,VinylSd,1713,Y,1713,2,0,3,1,7,856,NridgHt,5,274900
20,8546,5,VinylSd,1121,Y,1121,2,0,2,1,5,440,Edwards,7,140000
20,10125,6,Plywood,1196,Y,1279,2,0,3,1,6,473,Mitchel,31,171500
50,7000,6,MetalSd,617,Y,1310,2,0,2,1,6,398,OldTown,82,112000
120,4438,5,VinylSd,848,Y,848,1,0,1,1,3,420,CollgCr,4,149000
50,3500,7,AsbShng,720,Y,1284,1,1,2,1,5,240,OldTown,62,110000
20,11851,5,HdBoard,1424,Y,1442,2,0,3,1,5,500,Gilbert,19,180500
20,13673,5,HdBoard,1140,Y,1696,1,1,3,1,8,349,Sawyer,45,143900
20,12493,5,Wd Sdng,1100,Y,1100,1,0,3,1,6,312,NAmes,48,141000
60,14364,5,Plywood,1157,Y,2062,2,1,3,1,7,454,SawyerW,19,277000
20,8250,7,HdBoard,1092,Y,1092,1,0,3,1,6,504,NAmes,44,145000
30,5604,6,Stucco,864,N,864,1,0,2,1,5,0,Edwards,83,98000
20,10420,5,VinylSd,1212,Y,1212,2,0,3,1,6,460,Edwards,1,186000
60,8640,5,VinylSd,900,Y,1852,2,1,3,1,7,644,Somerst,0,252678
20,13568,5,VinylSd,990,Y,990,1,0,3,1,5,576,CollgCr,11,156000
60,10900,7,HdBoard,689,Y,1392,1,1,3,1,6,299,CollgCr,33,161750
20,10011,6,HdBoard,1070,Y,1236,1,0,2,1,6,447,NAmes,49,134450
20,8450,5,VinylSd,1436,Y,1436,2,0,3,1,8,484,CollgCr,4,210000
70,9906,4,MetalSd,686,N,1328,1,0,3,1,8,210,OldTown,81,107000
50,15660,9,VinylSd,798,Y,1954,1,1,3,1,8,431,Crawfor,69,311500
120,3010,5,VinylSd,1248,Y,1248,2,0,2,1,5,438,Blmngtn,1,167240
20,8990,5,VinylSd,1498,Y,1498,2,0,2,1,5,675,CollgCr,0,204900
60,8068,5,VinylSd,1010,Y,2267,2,1,4,1,8,390,Gilbert,7,200000
60,11475,6,VinylSd,713,Y,1552,2,1,3,1,6,434,NWAmes,31,179900
20,10500,6,HdBoard,864,Y,864,1,0,2,1,4,576,NAmes,38,97000
20,13472,5,VinylSd,2392,Y,2392,2,0,3,1,8,968,NridgHt,6,386250
160,1680,5,HdBoard,630,Y,1302,2,1,3,1,6,280,BrDale,38,112000
60,9950,5,VinylSd,1203,Y,2520,2,1,4,1,9,721,NoRidge,12,290000
160,1869,6,HdBoard,483,Y,987,1,1,2,1,5,280,BrDale,38,106000
20,8521,5,HdBoard,912,Y,912,1,0,3,1,5,336,Sawyer,43,125000
120,3182,5,VinylSd,1373,Y,1555,2,0,2,1,7,430,Blmngtn,4,192500
20,8760,6,MetalSd,1194,Y,1194,1,0,3,1,6,312,NAmes,51,148000
60,15138,5,VinylSd,1462,Y,2794,2,1,4,1,9,810,NoRidge,14,403000
160,1680,5,HdBoard,483,Y,987,1,1,2,1,5,288,BrDale,34,94500
20,10650,6,HdBoard,894,Y,894,1,0,3,1,5,308,CollgCr,34,128200
60,7851,5,VinylSd,860,Y,1960,2,1,4,1,8,440,Gilbert,8,216500
160,1680,3,HdBoard,483,Y,987,1,1,2,1,5,264,BrDale,37,89500
20,8773,5,VinylSd,1414,Y,1414,2,0,3,1,6,494,CollgCr,6,185500
60,9453,7,HdBoard,996,Y,1744,2,1,3,1,7,457,SawyerW,17,194500
20,12030,5,VinylSd,1694,Y,1694,2,0,3,1,7,818,NridgHt,0,318000
50,8741,4,VinylSd,735,Y,1487,1,1,3,1,7,220,Edwards,65,113000
20,9000,5,VinylSd,1566,Y,1566,2,0,3,1,7,750,Somerst,2,262500
30,3880,9,VinylSd,686,Y,866,1,0,2,1,4,0,OldTown,62,110500
50,5000,4,Wd Sdng,540,N,1440,1,0,3,1,6,352,OldTown,106,79000
160,10762,6,Plywood,626,Y,1217,1,1,3,1,6,288,SawyerW,29,120000
60,8880,5,VinylSd,948,Y,2110,2,1,3,1,8,463,SawyerW,16,205000
20,10400,5,Wd Sdng,1845,Y,1872,2,0,3,1,6,604,NWAmes,18,241500
190,9142,8,AsbShng,1020,N,1928,2,0,4,2,9,440,OldTown,96,137000
20,11310,5,Wd Sdng,1367,Y,1375,1,0,2,1,5,451,NAmes,52,140000
60,11317,5,VinylSd,840,Y,1668,2,1,3,1,8,500,CollgCr,4,180000
50,159000,7,Wd Sdng,1444,Y,2144,2,0,4,1,7,389,ClearCr,49,277000
30,5350,2,Wd Sdng,728,Y,1306,1,0,3,1,6,0,BrkSide,70,76500
120,4750,5,VinylSd,1573,Y,1625,2,0,2,1,5,538,Crawfor,1,235000
60,8366,5,VinylSd,798,Y,1640,2,1,3,1,6,520,SawyerW,4,173000
80,9350,7,HdBoard,1302,Y,1302,2,0,3,1,7,309,NAmes,43,158000
20,8400,6,MetalSd,1314,Y,1314,1,0,3,1,5,294,NAmes,53,145000
60,8738,5,VinylSd,975,Y,2291,2,1,4,1,8,429,Gilbert,7,230000
60,8791,5,VinylSd,864,Y,1728,2,1,3,1,7,673,Somerst,5,207500
20,8814,5,VinylSd,1604,Y,1604,2,1,3,1,8,660,CollgCr,3,220000
60,12435,5,VinylSd,963,Y,1792,2,1,3,1,7,564,CollgCr,7,231500
20,12702,5,BrkFace,0,Y,882,1,0,2,1,4,308,OldTown,52,97000
80,19296,5,Wd Sdng,1362,Y,1382,1,0,3,1,6,884,NAmes,47,176000
60,9588,5,CemntBd,1482,Y,2574,2,1,3,1,10,868,CollgCr,0,276000
80,8471,7,HdBoard,506,Y,1212,1,0,3,1,6,492,Sawyer,29,151000
50,5500,7,Wd Sdng,926,Y,1316,1,0,3,1,6,484,OldTown,81,130000
30,5232,5,Wd Sdng,680,N,764,1,0,2,1,4,504,OldTown,83,73000
20,12090,6,MetalSd,1422,Y,1422,2,0,3,1,7,576,NWAmes,27,175500
60,11207,5,VinylSd,802,Y,1511,2,1,3,1,8,413,Gilbert,9,185000
75,8400,8,Wd Sdng,720,Y,2192,2,1,4,1,8,240,SWISU,69,179500
30,6900,6,VinylSd,740,Y,778,1,0,2,1,4,924,IDOTRR,68,120500
20,7917,7,HdBoard,1143,Y,1113,1,1,3,1,6,504,Edwards,31,148000
60,10728,5,VinylSd,1095,Y,1939,2,1,3,1,8,1053,Somerst,0,266000
20,39104,7,Plywood,1385,Y,1363,1,0,2,1,5,439,ClearCr,54,241500
60,11764,7,VinylSd,1152,Y,2270,2,1,4,1,9,671,NoRidge,11,290000
20,9600,6,Wd Sdng,1240,Y,1632,2,0,3,1,6,338,NAmes,51,139000
20,8314,7,HdBoard,816,Y,816,1,0,2,1,5,264,Mitchel,25,124500
50,7264,7,Wd Sdng,952,N,1548,2,1,3,1,5,672,BrkSide,84,205000
20,9196,5,VinylSd,1560,Y,1560,2,0,3,1,7,573,Mitchel,7,201000
20,19138,5,VinylSd,864,Y,864,1,0,2,1,4,400,Gilbert,59,141000
20,14450,5,CemntBd,2121,Y,2121,2,1,3,1,8,732,NridgHt,1,415298
60,10005,5,Plywood,1160,Y,2022,2,1,4,1,8,505,ClearCr,31,192000
60,11287,6,Plywood,807,Y,1982,2,1,3,1,7,575,SawyerW,18,228500
20,7200,5,VinylSd,1262,Y,1262,2,0,2,1,5,572,Somerst,0,185000
120,5063,5,VinylSd,1314,Y,1314,2,0,2,1,6,626,NridgHt,2,207500
20,9612,5,VinylSd,1468,Y,1468,2,0,3,1,6,898,Somerst,1,244600
120,8012,5,Plywood,1575,Y,1575,2,0,2,1,5,529,SawyerW,15,179200
160,4251,5,MetalSd,625,Y,1250,2,1,2,1,5,528,Somerst,1,164700
50,9786,7,Wd Sdng,912,Y,1734,1,1,3,1,7,440,NAmes,44,159000
20,8125,4,HdBoard,858,Y,858,1,0,3,1,5,0,NAmes,35,88000
20,9819,5,MetalSd,882,Y,900,1,0,3,1,5,280,Sawyer,43,122000
70,8730,7,Wd Sdng,698,Y,1396,1,0,3,1,7,384,BrkSide,92,153575
60,15611,5,VinylSd,1079,Y,1919,2,1,3,1,8,685,CollgCr,0,233230
190,5687,6,VinylSd,780,N,1716,2,0,6,1,9,0,SWISU,96,135900
50,11409,4,Wd Sdng,768,Y,1716,1,1,3,1,8,281,Edwards,60,131000
60,16659,7,Plywood,795,Y,2263,2,1,3,1,9,539,NWAmes,29,235000
20,9600,5,HdBoard,1416,Y,1644,1,0,3,1,7,418,NAmes,56,167000
80,7937,6,HdBoard,1003,Y,1003,1,0,3,1,6,588,Mitchel,22,142500
50,13710,5,Wd Sdng,910,Y,1558,1,1,4,1,6,282,IDOTRR,57,152000
60,7399,5,VinylSd,975,Y,1950,2,1,3,1,7,576,Somerst,10,239000
60,11700,6,HdBoard,702,Y,1743,1,2,3,1,7,539,NWAmes,39,175000
20,14000,8,HdBoard,1092,Y,1152,1,0,3,1,6,300,Crawfor,59,158500
190,15750,5,MetalSd,1165,Y,1336,1,0,2,1,5,375,Crawfor,53,157000
60,16226,5,VinylSd,1028,Y,2452,2,1,4,1,9,683,CollgCr,9,267000
20,13704,5,VinylSd,1541,Y,1541,2,0,3,1,6,843,CollgCr,5,205000
20,9800,7,VinylSd,894,Y,894,1,0,3,1,5,552,CollgCr,34,149900
75,18386,9,CemntBd,1470,Y,3493,3,0,3,1,10,870,OldTown,128,295000
20,10386,5,CemntBd,2000,Y,2000,2,0,3,1,8,888,CollgCr,3,305900
60,13474,5,HdBoard,700,Y,2243,2,1,4,1,8,746,SawyerW,17,225000
50,7920,7,MetalSd,319,Y,1406,1,0,3,1,6,0,IDOTRR,88,89500
30,12342,5,VinylSd,861,Y,861,1,0,1,1,4,539,Edwards,69,82500
20,12378,5,VinylSd,1896,Y,1944,2,0,3,1,8,708,NridgHt,3,360000
60,7685,5,HdBoard,697,Y,1501,2,1,3,1,6,420,Gilbert,13,165600
20,8000,6,VinylSd,972,Y,972,1,0,2,1,5,240,NAmes,61,132000
190,7800,7,MetalSd,793,Y,1118,1,0,3,1,5,410,OldTown,67,119900
20,215245,5,BrkFace,2136,Y,2036,2,0,3,1,8,513,Timber,44,375000
70,9600,7,Wd Sdng,728,Y,1641,1,1,3,1,6,546,OldTown,81,178000
60,7795,5,VinylSd,716,Y,1432,2,1,3,1,6,432,Gilbert,5,188500
60,13005,7,CemntBd,845,Y,2353,2,1,4,1,10,484,NWAmes,29,260000
60,9000,5,VinylSd,1088,Y,1959,2,1,3,1,8,1025,Somerst,1,270000
60,9900,5,HdBoard,1347,Y,2646,2,1,4,1,9,656,NoRidge,16,260000
80,14115,5,Plywood,1372,Y,1472,2,0,3,1,6,588,NWAmes,29,187500
60,16259,5,VinylSd,1249,Y,2596,3,1,4,1,9,840,NridgHt,0,342643
60,12099,5,VinylSd,1136,Y,2468,2,1,4,1,10,872,NridgHt,3,354000
60,10380,5,Plywood,1502,Y,2730,2,1,4,1,8,576,SawyerW,21,301000
20,5820,8,VinylSd,1162,Y,1163,1,0,3,1,6,220,OldTown,51,126175
80,11275,7,Wd Sdng,710,Y,2978,2,1,5,1,11,564,NAmes,43,242000
45,5000,6,MetalSd,720,N,803,1,0,2,1,5,360,IDOTRR,66,87000
120,10846,5,BrkFace,1719,Y,1719,1,1,1,1,6,473,Veenker,15,324000
20,11600,5,Wd Sdng,1383,Y,1383,1,1,3,1,7,292,NAmes,46,145250
75,11888,6,Wd Sdng,844,N,2134,2,0,5,1,10,441,BrkSide,93,214500
70,6402,5,Wd Sdng,596,N,1192,1,0,3,1,6,189,IDOTRR,89,78000
90,10624,4,HdBoard,1728,Y,1728,2,0,6,2,10,352,NAmes,43,119000
20,8176,6,Wd Sdng,1056,Y,1056,1,0,3,1,6,308,NAmes,49,139000
20,10655,5,VinylSd,3206,Y,1629,2,0,3,1,7,880,NridgHt,6,284000
120,8198,5,VinylSd,1358,Y,1358,2,0,2,1,6,484,NridgHt,4,207000
60,9042,5,VinylSd,943,Y,1638,2,1,3,1,7,472,Gilbert,10,192000
190,164660,6,Plywood,1499,Y,1786,2,0,3,1,7,529,Timber,43,228950
20,14157,5,VinylSd,1922,Y,1922,2,0,3,1,8,676,StoneBr,2,377426
20,9135,5,VinylSd,1536,Y,1536,2,0,3,1,7,532,CollgCr,6,214000
20,14145,7,Wd Sdng,1208,Y,1621,2,0,3,1,8,440,NWAmes,22,202500
20,12400,7,Wd Sdng,1215,Y,1215,1,0,3,1,6,297,NAmes,51,155000
60,14191,5,VinylSd,967,Y,1908,2,1,4,1,9,431,Timber,8,202900
20,8400,4,Wd Sdng,721,Y,841,1,0,2,1,4,294,SawyerW,59,82000
90,8544,4,Stucco,0,N,1040,2,0,2,2,6,400,NAmes,57,87500
120,8849,5,MetalSd,1684,Y,1684,2,0,2,1,6,564,NridgHt,3,266000
160,2592,3,CemntBd,536,Y,1112,1,1,3,1,4,336,MeadowV,34,85000
50,6435,5,MetalSd,972,Y,1577,1,0,3,1,6,312,BrkSide,67,140200
20,12772,8,MetalSd,958,Y,958,1,0,2,1,5,301,NAmes,47,151500
20,17600,5,Wd Sdng,1478,Y,1478,2,0,3,1,6,498,NAmes,49,157500
160,2448,5,VinylSd,764,Y,1626,2,1,2,1,6,474,NridgHt,5,154000
60,20431,5,CemntBd,1848,Y,2728,2,1,4,1,10,706,NridgHt,1,437154
120,7820,5,MetalSd,1869,Y,1869,2,0,2,1,6,617,NridgHt,0,318061
120,5271,5,Wd Sdng,1453,Y,1453,1,1,2,1,6,445,ClearCr,20,190000
50,9084,6,VinylSd,616,N,1111,1,0,3,1,5,200,Edwards,67,95000
30,8520,8,VinylSd,624,Y,720,1,0,2,1,5,484,OldTown,82,105900
50,8400,5,Wd Sdng,940,Y,1595,1,0,2,1,6,240,SWISU,66,140000
20,11249,5,VinylSd,1200,Y,1200,2,0,3,1,6,521,CollgCr,12,177500
20,9248,6,HdBoard,1158,Y,1167,2,0,3,1,6,400,Gilbert,17,173000
120,4224,5,CemntBd,1142,Y,1142,1,1,3,1,6,528,MeadowV,31,134000
80,6930,4,Wd Sdng,1062,Y,1352,1,0,3,1,6,288,ClearCr,48,130000
60,12011,5,VinylSd,1086,Y,1924,2,1,3,1,7,592,NoRidge,8,280000
85,7540,6,VinylSd,888,Y,912,1,0,2,1,5,470,Mitchel,29,156000
50,9144,5,MetalSd,883,Y,1505,1,0,3,1,8,240,BrkSide,68,145000
85,7301,5,HdBoard,0,Y,1922,3,0,4,1,7,672,Edwards,6,198500
160,1680,8,HdBoard,483,Y,987,1,1,2,1,5,264,BrDale,37,118000
60,18800,5,HdBoard,796,Y,1574,2,1,3,1,6,566,NWAmes,30,190000
70,10690,7,VinylSd,672,Y,1344,1,0,3,1,6,468,IDOTRR,89,147000
20,9500,5,Plywood,1394,Y,1394,1,1,3,1,6,514,NAmes,46,159000
80,9150,5,Plywood,1099,Y,1431,1,0,3,1,6,296,NAmes,46,165000
20,7800,6,HdBoard,1268,Y,1268,1,0,2,1,7,244,NAmes,56,132000
20,9830,7,Wd Sdng,1063,Y,1287,1,0,3,1,7,576,NAmes,51,162000
60,8121,5,VinylSd,953,Y,1664,2,1,3,1,7,460,Gilbert,6,172400
50,17120,4,WdShing,0,Y,1588,2,0,4,1,7,680,ClearCr,49,134432
120,7175,5,Plywood,744,Y,752,1,0,2,1,4,264,SawyerW,26,125000
20,10634,6,MetalSd,608,Y,1319,1,0,3,1,5,270,NAmes,56,123000
60,8200,5,VinylSd,847,Y,1928,2,1,4,1,8,434,CollgCr,4,219500
30,10020,1,Wd Sdng,683,N,904,0,1,1,1,4,0,Edwards,87,61000
85,8846,5,VinylSd,870,Y,914,1,0,2,1,5,576,CollgCr,10,148000
60,11143,5,CemntBd,1580,Y,2466,3,0,4,1,8,610,Somerst,3,340000
20,11394,2,VinylSd,1856,Y,1856,1,1,1,1,8,834,StoneBr,0,394432
60,8123,5,VinylSd,982,Y,1800,2,1,3,1,7,463,Gilbert,9,179000
50,5000,6,BrkFace,1026,Y,1691,2,0,3,1,6,308,SWISU,86,127000
20,7200,5,VinylSd,1293,Y,1301,2,0,2,1,5,572,Somerst,0,187750
60,9245,5,VinylSd,939,Y,1797,2,1,3,1,8,639,CollgCr,1,213500
45,9000,3,Wd Sdng,784,N,784,1,0,2,1,5,360,SawyerW,81,76000
60,53107,5,HdBoard,1580,Y,1953,2,1,3,1,9,501,ClearCr,15,240000
120,3182,5,VinylSd,1256,Y,1269,2,0,2,1,6,430,Blmngtn,6,192000
50,8410,3,Wd Sdng,658,Y,1184,1,0,5,1,8,0,Edwards,96,81000
80,7200,6,MetalSd,1041,Y,1125,1,0,3,1,6,352,Edwards,33,125000
20,9382,5,VinylSd,1468,Y,1479,2,0,3,1,6,577,CollgCr,9,191000
60,12474,5,VinylSd,1682,Y,2332,2,1,3,1,9,846,NridgHt,1,426000
50,8405,8,MetalSd,861,Y,1367,1,0,4,1,7,384,Edwards,108,119000
60,12209,5,VinylSd,804,Y,1961,2,1,3,1,7,560,Mitchel,8,215000
20,8339,7,MetalSd,0,Y,882,1,0,3,1,5,294,NAmes,48,106500
30,7446,5,WdShing,788,Y,788,1,0,2,1,4,0,BrkSide,65,100000
50,10134,6,MetalSd,735,Y,1034,1,0,2,1,5,240,OldTown,67,109000
20,9571,6,Wd Sdng,1144,Y,1144,1,0,3,1,6,596,Edwards,54,129000
20,7200,5,MetalSd,894,Y,894,1,0,2,1,6,600,CollgCr,37,123000
60,7590,5,VinylSd,864,Y,1812,2,0,4,1,8,264,NAmes,45,169500
30,8967,2,MetalSd,961,Y,1077,1,0,2,1,6,338,IDOTRR,87,67000
60,8125,5,CemntBd,1092,Y,1550,2,0,2,1,7,438,Somerst,3,241000
120,14963,5,BrkFace,1260,Y,1288,1,1,1,1,4,500,Veenker,12,245500
20,8767,5,VinylSd,1310,Y,1310,2,0,3,1,6,400,CollgCr,1,164990
30,10200,8,Wd Sdng,672,Y,672,1,0,2,1,4,240,Sawyer,68,108000
60,12090,5,VinylSd,1141,Y,2263,2,1,4,1,10,420,NoRidge,8,258000
60,10364,5,MetalSd,806,Y,1572,2,1,3,1,7,373,Gilbert,12,168000
20,9991,4,Plywood,1281,Y,1620,2,0,3,1,8,490,Sawyer,33,150000
50,10480,5,MetalSd,1064,Y,1639,1,0,3,1,6,240,SWISU,72,115000
70,15576,7,Wd Sdng,840,Y,1680,2,0,4,1,8,308,Crawfor,93,177000
60,14154,5,VinylSd,1063,Y,2172,2,1,3,1,9,947,NridgHt,1,280000
60,10800,5,VinylSd,1034,Y,2078,2,1,3,1,8,836,Somerst,1,339750
20,9571,3,BrkComm,1276,Y,1276,1,0,3,1,5,350,Edwards,51,60000
190,34650,5,Wd Sdng,1056,N,1056,1,0,3,1,5,572,Gilbert,51,145000
20,4403,5,MetalSd,1470,Y,1478,2,1,2,1,7,484,Somerst,1,222000
30,8960,6,WdShing,1008,Y,1028,1,0,2,1,5,360,OldTown,83,115000
60,11228,5,VinylSd,1080,Y,2097,2,1,3,1,9,678,SawyerW,15,228000
20,8899,5,VinylSd,1340,Y,1340,2,0,3,1,6,396,Gilbert,0,181134
60,7844,7,HdBoard,672,Y,1400,1,1,3,1,6,440,Sawyer,28,149500
70,22420,6,Wd Sdng,1370,N,2624,2,1,4,1,10,864,Crawfor,89,239000
50,8160,6,MetalSd,756,N,1134,1,1,3,1,7,240,Edwards,67,126000
20,8450,6,VinylSd,1056,Y,1056,1,0,3,1,6,304,NAmes,42,142000
90,7060,5,VinylSd,1344,Y,1344,2,0,2,2,8,784,Mitchel,11,206300
20,16635,7,CemntBd,1602,Y,1602,2,0,3,1,8,529,NWAmes,32,215000
20,21750,5,HdBoard,988,Y,988,1,0,2,1,4,520,Mitchel,54,113000
60,9200,5,VinylSd,1470,Y,2630,2,1,4,1,8,696,NoRidge,10,315000
20,9000,5,Wd Sdng,1196,Y,1196,1,0,2,1,6,297,NAmes,52,139000
60,3378,8,HdBoard,651,Y,1389,1,1,3,1,6,240,OldTown,63,135000
80,12800,5,Wd Sdng,1518,Y,1644,2,0,2,1,5,569,SawyerW,20,275000
20,8593,6,MetalSd,907,Y,907,1,0,3,1,5,352,NAmes,51,109008
20,6762,5,VinylSd,1208,Y,1208,2,0,2,1,6,628,CollgCr,0,195400
20,11457,5,HdBoard,1392,Y,1412,2,0,3,1,6,576,Timber,21,175000
160,1680,5,HdBoard,483,Y,987,1,1,2,1,4,264,BrDale,37,85400
50,5586,7,MetalSd,901,Y,1198,1,0,4,1,7,0,OldTown,88,79900
160,1920,5,HdBoard,765,Y,1365,1,1,2,1,6,440,BrDale,36,122500
60,10839,5,VinylSd,926,Y,1604,2,1,3,1,7,470,Gilbert,11,181000
180,1890,7,CemntBd,630,Y,630,1,0,1,1,3,0,MeadowV,36,81000
60,10667,6,VinylSd,799,Y,1661,2,1,3,1,6,550,CollgCr,13,212000
50,4400,8,Stucco,648,Y,1118,1,0,2,1,6,440,OldTown,86,116000
45,6000,7,Wd Sdng,884,Y,904,1,0,2,1,4,180,BrkSide,83,119000
30,4280,6,WdShing,440,N,694,1,0,2,1,4,352,Crawfor,94,90350
50,12354,8,Wd Sdng,684,Y,1196,1,0,3,1,7,528,Edwards,89,110000
20,15431,5,VinylSd,3094,Y,2402,2,0,2,1,10,672,NridgHt,1,555000
90,12108,4,VinylSd,1440,N,1440,2,0,4,2,8,0,Edwards,53,118000
50,6240,7,MetalSd,1078,Y,1573,2,0,3,1,8,360,BrkSide,78,162900
120,3922,5,WdShing,1258,Y,1258,2,0,2,1,6,648,Blmngtn,1,172500
60,8750,5,VinylSd,915,Y,1908,2,1,4,1,8,493,CollgCr,14,210000
20,9855,5,Wd Sdng,1436,Y,1689,1,0,3,1,7,480,Edwards,53,127500
20,16492,6,BrkFace,1517,Y,1888,2,1,2,1,6,578,NAmes,44,190000
60,11214,5,VinylSd,930,Y,1886,2,1,4,1,10,431,Gilbert,8,199900
50,8600,6,MetalSd,780,Y,1376,2,0,3,1,7,198,IDOTRR,69,119500
50,6000,7,MetalSd,649,Y,1183,1,1,2,1,6,308,OldTown,59,120000
30,5684,8,Wd Sdng,813,Y,813,1,0,2,1,5,270,OldTown,76,110000
20,70761,5,Plywood,1533,Y,1533,2,0,2,1,5,576,ClearCr,31,280000
60,9303,5,VinylSd,872,Y,1756,2,1,3,1,7,422,Timber,11,204000
60,9000,5,VinylSd,768,Y,1590,2,1,3,1,6,676,Somerst,1,210000
90,9297,5,Plywood,1728,Y,1728,2,0,4,2,8,560,Mitchel,30,188000
20,9600,6,HdBoard,1242,Y,1242,1,1,3,1,6,528,NWAmes,34,175500
70,4571,5,AsbShng,624,N,1344,1,0,4,1,7,513,OldTown,92,98000
20,53227,6,Plywood,1364,Y,1663,1,0,2,1,6,529,ClearCr,54,256000
70,5100,7,Stucco,588,Y,1666,1,0,3,1,7,228,OldTown,83,161000
50,7015,4,MetalSd,709,Y,1203,1,0,3,1,5,352,BrkSide,59,110000
60,8004,5,VinylSd,832,Y,1935,2,1,3,1,8,552,Somerst,0,263435
70,7200,9,Wd Sdng,560,Y,1135,1,0,3,1,6,576,SWISU,73,155000
20,8281,5,MetalSd,864,Y,864,1,0,3,1,5,360,Sawyer,44,62383
70,11988,7,Stucco,715,Y,1660,1,1,3,1,6,240,Crawfor,74,188700
20,8430,5,HdBoard,1040,Y,1040,2,0,3,1,5,0,CollgCr,31,124000
120,3072,5,VinylSd,1375,Y,1414,2,0,2,1,6,398,Blmngtn,2,178740
20,10628,5,Plywood,1277,Y,1277,1,0,2,1,5,526,NAmes,37,167000
70,9480,7,MetalSd,728,Y,1644,1,1,3,1,7,312,NAmes,65,146500
20,11428,5,VinylSd,1626,Y,1634,2,0,3,1,7,866,NridgHt,1,250000
60,9291,5,HdBoard,832,Y,1710,2,1,3,1,7,506,SawyerW,15,187000
120,6820,5,HdBoard,1488,Y,1502,1,1,1,1,4,528,StoneBr,25,212000
60,11952,6,WdShing,808,Y,1969,2,1,3,1,8,534,NWAmes,30,190000
180,3675,5,VinylSd,547,Y,1072,1,0,2,1,5,525,Edwards,3,148000
20,14977,5,VinylSd,1976,Y,1976,2,0,2,1,7,908,NridgHt,1,440000
120,5330,5,CemntBd,1494,Y,1652,2,0,2,1,6,499,StoneBr,7,251000
20,8480,6,HdBoard,970,Y,970,1,0,2,1,5,624,Sawyer,44,132500
20,13125,5,VinylSd,1478,Y,1493,2,0,3,1,7,508,CollgCr,11,208900
60,13693,5,VinylSd,2153,Y,2643,2,1,3,1,9,694,NridgHt,1,380000
20,10637,5,VinylSd,1705,Y,1718,2,0,3,1,7,826,CollgCr,2,297000
30,5925,7,Stucco,907,Y,1131,1,0,2,1,7,672,OldTown,70,89471
20,16033,5,VinylSd,1833,Y,1850,2,0,3,1,8,772,NridgHt,2,326000
20,11846,5,VinylSd,1792,Y,1792,2,0,2,1,6,874,NridgHt,3,374000
70,2500,8,Stucco,910,Y,1826,1,1,4,1,7,164,OldTown,94,155000
120,4500,5,VinylSd,1216,Y,1216,2,0,2,1,5,402,Mitchel,8,164000
20,7758,7,HdBoard,999,Y,999,1,0,3,1,6,264,Sawyer,45,132500
20,9600,7,MetalSd,1113,Y,1113,1,0,3,1,5,264,NAmes,59,147000
20,10289,7,MetalSd,1073,Y,1073,1,1,3,1,6,515,NAmes,42,156000
20,12243,6,Plywood,1484,Y,1484,2,0,3,1,7,487,NWAmes,36,175000
190,10800,4,Wd Sdng,954,N,2414,2,0,3,2,10,520,OldTown,106,160000
180,1526,8,CemntBd,630,Y,630,1,0,1,1,3,286,MeadowV,39,86000
160,2665,6,CemntBd,264,Y,1304,1,1,3,1,4,336,MeadowV,32,115000
50,9490,7,Wd Sdng,806,Y,1578,1,0,3,1,5,240,NAmes,65,133000
60,15578,5,VinylSd,728,Y,1456,2,1,3,1,8,429,Gilbert,0,172785
20,7931,6,BrkFace,1269,Y,1269,1,1,3,1,6,308,NAmes,48,155000
30,5784,8,MetalSd,190,Y,886,1,0,2,1,4,273,OldTown,71,91300
30,7879,5,Wd Sdng,720,N,720,1,0,2,1,4,0,IDOTRR,89,34900
20,12692,5,BrkFace,3200,Y,3228,3,0,4,1,10,546,NoRidge,15,430000
50,9120,6,Wd Sdng,1026,Y,1820,2,0,4,1,8,240,BrkSide,83,184000
20,7800,7,HdBoard,864,Y,899,1,0,3,1,5,288,Sawyer,42,130000
20,7535,7,MetalSd,912,Y,912,1,0,2,1,5,297,NAmes,49,120000
160,1890,5,HdBoard,672,Y,1218,1,1,3,1,7,264,BrDale,34,113000
60,9803,5,VinylSd,866,Y,1768,2,1,3,1,7,603,Somerst,3,226700
20,9170,7,MetalSd,1214,Y,1214,1,0,2,1,6,461,Edwards,42,140000
20,15602,8,BrkFace,1501,Y,1801,2,0,1,1,6,484,Crawfor,51,289000
160,2308,5,Plywood,855,Y,1322,2,1,3,1,6,440,NPkVill,35,147000
90,7596,5,Wd Sdng,960,Y,1960,2,0,4,2,10,400,OldTown,57,124500
60,9554,5,VinylSd,777,Y,1911,2,1,3,1,8,471,SawyerW,13,215000
20,7862,5,VinylSd,1218,Y,1218,2,0,2,1,4,676,Somerst,0,208300
70,9600,9,MetalSd,689,Y,1378,2,0,3,1,7,360,OldTown,80,161000
20,9600,6,MetalSd,1041,Y,1041,1,0,3,1,6,270,NAmes,50,124500
20,14559,7,Wd Sdng,1008,Y,1363,1,0,2,1,6,288,NAmes,58,164900
120,6792,5,VinylSd,1368,Y,1368,2,0,2,1,6,474,NridgHt,1,202665
20,9100,5,VinylSd,864,Y,864,1,0,3,1,5,624,NAmes,48,129900
20,9187,5,VinylSd,1084,Y,1080,1,1,3,1,5,484,Mitchel,24,134000
45,10594,5,Wd Sdng,768,N,789,1,0,2,1,5,200,Crawfor,81,96500
20,12220,5,CemntBd,2006,Y,2020,2,1,3,1,9,900,NridgHt,0,402861
80,10448,6,HdBoard,689,Y,2119,2,1,3,1,7,583,NWAmes,37,158000
60,10208,5,VinylSd,1264,Y,2344,2,1,3,1,7,889,NoRidge,13,265000
60,9531,5,VinylSd,794,Y,1796,2,1,3,1,7,546,CollgCr,9,211000
70,10918,9,MetalSd,1276,Y,2080,1,1,3,1,9,282,Crawfor,83,234000
190,10800,7,MetalSd,0,N,1294,2,0,3,2,7,0,OldTown,108,106250
20,11988,6,VinylSd,1244,Y,1244,1,1,3,1,6,336,NAmes,50,150000
50,5000,7,CemntBd,1004,Y,1664,2,0,3,1,7,420,BrkSide,59,159000
60,40094,5,CemntBd,3138,Y,4676,3,1,3,1,11,884,Edwards,0,184750
60,11787,5,VinylSd,1379,Y,2398,2,1,3,1,8,834,NoRidge,11,315750
20,7500,5,VinylSd,1257,Y,1266,2,0,3,1,6,453,Somerst,1,176000
20,13300,7,Wd Sdng,928,Y,928,1,0,2,1,4,252,NAmes,51,132000
60,14948,5,VinylSd,1452,Y,2713,2,1,3,1,11,858,NridgHt,0,446261
30,9098,7,Wd Sdng,528,Y,605,1,0,2,1,5,0,Edwards,87,86000
20,32668,3,Wd Sdng,2035,Y,2515,3,0,4,2,9,484,Crawfor,50,200624
80,10200,5,HdBoard,1461,Y,1509,2,0,3,1,5,600,Timber,20,175000
70,6155,8,Wd Sdng,611,Y,1362,2,0,3,1,6,502,BrkSide,88,128000
20,7200,7,VinylSd,0,Y,827,1,0,2,1,5,392,NAmes,55,107500
20,5000,3,VinylSd,0,N,334,1,0,1,1,2,0,BrkSide,61,39300
60,9056,5,VinylSd,707,Y,1414,2,1,3,1,6,403,Gilbert,2,178000
190,7000,7,MetalSd,1117,Y,1347,1,0,3,1,5,0,Edwards,98,107500
60,8924,5,VinylSd,880,Y,1724,2,1,3,1,8,527,CollgCr,10,188000
20,12735,5,MetalSd,864,Y,864,1,0,3,1,5,576,NAmes,36,111250
20,11553,5,Plywood,1051,Y,1159,1,1,3,1,7,336,Sawyer,38,158000
20,11423,5,VinylSd,1581,Y,1601,2,0,3,1,6,670,CollgCr,9,272000
20,14601,5,VinylSd,1838,Y,1838,2,0,2,1,8,765,Timber,3,315000
60,11000,5,VinylSd,969,Y,2285,2,1,4,1,8,648,NoRidge,7,248000
20,10140,5,VinylSd,1650,Y,1680,2,0,3,1,7,583,NWAmes,11,213250
120,4058,5,MetalSd,723,Y,767,1,0,1,1,4,367,NAmes,9,133000
60,17104,5,VinylSd,654,Y,1496,2,1,3,1,7,426,Gilbert,0,179665
50,13837,5,HdBoard,1204,Y,2183,2,1,4,1,9,786,NWAmes,18,229000
50,8737,7,BrkFace,1065,Y,1635,1,1,3,1,6,440,BrkSide,84,210000
85,7244,7,VinylSd,768,Y,768,1,0,2,1,5,624,Mitchel,37,129500
20,8235,7,MetalSd,825,Y,825,1,0,2,1,4,720,OldTown,53,125000
60,9375,5,VinylSd,912,Y,2094,2,1,4,1,8,615,Somerst,6,263000
120,4043,6,Plywood,1069,Y,1069,2,0,2,1,4,440,NPkVill,31,140000
20,6000,6,BrkFace,928,Y,928,1,0,3,1,5,288,OldTown,51,112500
20,11146,5,VinylSd,1709,Y,1717,2,0,3,1,7,908,NridgHt,3,255500
20,8777,5,VinylSd,0,Y,1126,2,0,2,1,5,520,Edwards,60,108000
60,10625,5,VinylSd,998,Y,2046,2,1,3,1,8,871,NridgHt,5,284000
45,6380,6,MetalSd,993,Y,1048,1,0,2,1,5,280,BrkSide,84,113000
20,14850,5,Wd Sdng,1092,Y,1092,1,0,2,1,6,299,NAmes,49,141000
50,11040,6,MetalSd,637,Y,1336,1,1,3,1,7,570,IDOTRR,86,108000
60,21872,5,HdBoard,729,Y,1446,2,1,3,1,6,406,Gilbert,12,175000
120,3196,5,VinylSd,1374,Y,1557,2,0,2,1,7,420,Blmngtn,3,234000
20,11341,6,Wd Sdng,1392,Y,1392,1,1,3,1,5,528,Sawyer,53,121500
20,10010,5,HdBoard,1389,Y,1389,1,0,2,1,6,418,Mitchel,32,170000
30,13907,6,WdShing,996,Y,996,1,0,3,1,6,0,Edwards,68,108000
50,21780,7,Wd Sdng,1163,Y,1674,2,0,4,1,8,396,Edwards,90,185000
60,13346,5,HdBoard,1095,Y,2295,2,1,4,1,9,590,NoRidge,14,268000
70,6858,4,Wd Sdng,806,N,1647,1,1,4,1,6,216,SWISU,95,128000
60,11198,5,VinylSd,1122,Y,2504,2,1,4,1,11,656,StoneBr,3,325000
20,10171,5,VinylSd,1517,Y,1535,2,0,3,1,7,532,NridgHt,6,214000
50,12327,8,Wd Sdng,1496,Y,2132,1,1,1,1,5,612,SawyerW,26,316600
90,7032,5,MetalSd,943,Y,943,1,0,2,1,4,600,NAmes,27,135960
90,13101,5,HdBoard,1728,Y,1728,2,0,6,2,10,576,NAmes,43,142600
20,7332,6,WdShing,864,Y,864,1,0,2,1,4,288,NAmes,47,120000
60,13159,5,VinylSd,846,Y,1692,2,1,3,1,6,650,Timber,0,224500
80,9967,5,VinylSd,384,Y,1430,2,1,3,1,8,400,Gilbert,7,170000
80,10500,7,MetalSd,372,Y,1109,1,0,3,1,5,288,NAmes,36,139000
50,8480,5,MetalSd,832,Y,1216,1,0,2,1,6,336,NAmes,61,118500
50,6292,7,Wd Sdng,861,Y,1477,2,0,3,1,6,216,SWISU,81,145000
80,11777,6,VinylSd,1164,Y,1320,1,0,3,1,6,564,Sawyer,40,164500
160,3604,5,VinylSd,689,Y,1392,2,0,2,1,5,540,Somerst,1,146000
50,12150,5,MetalSd,1050,N,1795,2,0,4,1,7,352,OldTown,54,131500
20,14585,6,Wd Sdng,1144,Y,1429,1,0,3,1,7,572,NAmes,47,181900
20,12704,5,VinylSd,2042,Y,2042,2,1,3,1,8,1390,NridgHt,1,253293
90,11841,5,HdBoard,816,Y,816,1,0,3,1,5,0,Edwards,17,118500
75,13500,9,Wd Sdng,1237,Y,2775,3,1,3,1,9,880,OldTown,115,325000
50,6120,7,AsbShng,884,Y,1573,1,0,3,1,6,240,BrkSide,74,133000
20,11443,5,VinylSd,1868,Y,2028,2,0,2,1,7,880,Timber,1,369900
30,10267,7,Stucco,816,Y,838,1,0,2,1,5,275,BrkSide,90,130000
85,8740,6,HdBoard,840,Y,860,1,0,2,1,4,528,Sawyer,27,137000
20,25095,8,Wd Sdng,1437,Y,1473,1,0,1,1,5,452,ClearCr,41,143000
40,9100,6,VinylSd,742,Y,935,1,0,2,1,4,308,BrkSide,78,79500
60,8320,5,VinylSd,770,Y,1582,2,1,3,1,6,520,CollgCr,4,185900
60,13478,5,CemntBd,1722,Y,2296,2,1,3,1,10,842,NridgHt,1,451950
20,6600,8,HdBoard,816,Y,816,1,0,2,1,4,816,Mitchel,26,138000
120,4435,5,VinylSd,848,Y,848,1,0,1,1,4,420,CollgCr,6,140000
20,7990,6,HdBoard,924,Y,924,1,0,3,1,5,280,CollgCr,33,110000
20,11302,5,VinylSd,1814,Y,1826,2,0,3,1,7,758,StoneBr,1,319000
70,3600,7,VinylSd,684,N,1368,1,0,3,1,7,216,OldTown,96,114504
120,3922,5,VinylSd,1258,Y,1402,0,2,2,1,7,648,Blmngtn,1,194201
20,12984,6,Plywood,1430,Y,1647,2,0,3,1,7,621,Crawfor,29,217500
160,1950,6,MetalSd,716,Y,1556,2,1,3,1,6,452,Blueste,28,151000
60,10927,5,VinylSd,1058,Y,1904,2,1,3,1,8,736,NridgHt,1,275000
50,9000,6,Wd Sdng,780,Y,1375,1,1,3,1,6,544,IDOTRR,70,141000
60,10041,5,HdBoard,908,Y,1915,2,1,3,1,8,506,SawyerW,14,220000
160,3182,5,MetalSd,600,Y,1200,2,1,2,1,4,480,Somerst,6,151000
20,12803,5,VinylSd,1494,Y,1494,2,0,3,1,6,530,CollgCr,6,221000
60,13600,6,HdBoard,768,Y,1986,2,1,3,1,7,486,NAmes,44,205000
20,12464,5,VinylSd,1040,Y,1040,1,0,3,1,6,576,CollgCr,13,152000
20,7800,8,MetalSd,896,Y,2008,3,0,3,1,8,230,Edwards,58,225000
70,12168,6,BrkFace,965,Y,3194,2,1,4,1,10,380,Crawfor,73,359100
20,7943,5,VinylSd,1029,Y,1029,1,0,3,1,5,261,Sawyer,46,118500
60,11050,5,VinylSd,1440,Y,2153,2,1,3,1,8,736,CollgCr,9,313000
80,10395,6,HdBoard,1032,Y,1032,2,0,3,1,6,564,NWAmes,29,148000
60,11885,5,VinylSd,1299,Y,1872,2,1,3,1,7,531,CollgCr,8,261500
20,8402,5,VinylSd,1120,Y,1120,1,0,3,1,6,0,Mitchel,0,147000
180,1491,6,CemntBd,630,Y,630,1,0,1,1,3,0,MeadowV,38,75500
85,8800,7,MetalSd,936,Y,1054,1,0,3,1,6,480,NAmes,47,137500
60,7861,5,VinylSd,783,Y,1509,2,1,3,1,7,393,Gilbert,4,183200
45,7227,6,MetalSd,832,Y,832,1,0,2,1,4,528,NAmes,54,105500
20,11694,5,CemntBd,1822,Y,1828,2,0,3,1,9,774,NridgHt,0,314813
60,12244,5,VinylSd,1482,Y,2262,2,1,4,1,10,749,Timber,5,305000
30,8248,3,Stucco,864,N,864,1,0,2,1,5,0,Edwards,94,67000
60,10800,7,HdBoard,1522,Y,2614,2,1,4,1,9,624,NWAmes,34,240000
20,7064,6,Plywood,980,Y,980,1,0,3,1,6,484,Sawyer,32,135000
160,2117,5,MetalSd,756,Y,1512,2,1,2,1,4,440,Somerst,7,168500
60,10400,5,VinylSd,732,Y,1790,1,2,4,1,8,484,NWAmes,34,165150
20,10000,6,Wd Sdng,1116,Y,1116,1,1,3,1,5,440,NAmes,48,160000
20,12342,5,Wd Sdng,978,Y,1422,1,0,3,1,6,286,NAmes,47,139900
80,9600,6,AsbShng,1156,Y,1520,1,0,3,1,7,364,NAmes,55,153000
60,11606,5,Plywood,1040,Y,2080,1,2,5,1,9,504,NAmes,38,135000
80,9020,5,Plywood,1248,Y,1350,1,1,3,1,6,520,NAmes,44,168500
70,9000,6,VinylSd,636,Y,1750,1,0,3,1,8,240,OldTown,126,124000
120,4590,5,VinylSd,1554,Y,1554,2,0,2,1,6,627,NridgHt,1,209500
20,11900,5,Plywood,1386,Y,1411,2,0,3,1,6,544,NWAmes,32,82500
20,9250,7,Wd Sdng,1056,Y,1056,1,0,3,1,6,260,NAmes,53,139400
90,6979,5,Plywood,1056,Y,1056,0,0,0,2,4,576,OldTown,30,144000
190,10896,7,VinylSd,1440,Y,3395,2,0,8,2,14,0,SWISU,93,200000
30,6120,3,AsbShng,264,N,800,1,0,1,1,4,0,BrkSide,73,60000
190,6000,4,Wd Sdng,811,Y,1387,2,0,3,2,7,256,OldTown,55,93000
30,8777,7,MetalSd,796,Y,796,1,0,2,1,4,0,Edwards,98,85000
120,3982,5,VinylSd,1520,Y,1567,2,0,1,1,7,648,Blmngtn,0,264561
120,12677,5,MetalSd,1518,Y,1518,1,1,1,1,6,588,NridgHt,5,274000
60,7050,5,VinylSd,1057,Y,1929,2,1,3,1,7,650,Somerst,6,226000
80,13860,7,Plywood,1952,Y,2704,2,1,4,1,9,538,NAmes,37,345000
60,10793,5,WdShing,780,Y,1620,2,1,4,1,7,462,NWAmes,38,152000
20,9187,5,CemntBd,1766,Y,1766,2,1,2,1,7,478,Somerst,0,370878
20,10530,5,Plywood,981,Y,981,1,1,3,1,5,576,NAmes,36,143250
20,7200,5,MetalSd,0,Y,1048,1,0,3,1,7,420,NAmes,58,98300
20,10452,5,Wd Sdng,1094,Y,1094,1,0,3,1,5,495,Edwards,55,155000
60,7700,5,MetalSd,756,Y,1839,1,1,4,1,7,442,NAmes,44,155000
180,1936,6,CemntBd,630,Y,630,1,0,1,1,3,0,MeadowV,37,84500
60,8125,6,CemntBd,813,Y,1665,2,1,3,1,7,562,Somerst,1,205950
70,9084,5,MetalSd,755,Y,1510,1,0,4,1,7,296,Edwards,69,108000
60,8750,5,VinylSd,880,Y,1716,2,1,2,1,7,512,CollgCr,13,191000
50,10320,7,MetalSd,756,Y,1469,1,0,3,1,7,216,IDOTRR,102,135000
20,10437,6,MetalSd,2109,Y,2113,2,1,2,1,7,839,NoRidge,13,350000
160,1680,5,HdBoard,525,Y,1092,1,1,3,1,6,264,BrDale,39,88000
20,10007,7,HdBoard,1053,Y,1053,1,1,3,1,5,312,NAmes,49,145500
70,7200,6,Stucco,776,Y,1502,1,1,3,1,6,270,Crawfor,77,149000
50,17503,5,VinylSd,912,Y,1458,1,0,3,1,6,330,NAmes,62,97500
20,9937,7,MetalSd,1486,Y,1486,1,0,3,1,7,480,Edwards,45,167000
60,12384,7,Plywood,793,Y,1935,2,1,3,1,7,550,NWAmes,31,197900
60,46589,7,VinylSd,1629,Y,2448,2,1,4,1,8,711,NoRidge,15,402000
20,13560,3,Wd Sdng,1392,Y,1392,1,0,2,1,5,576,NAmes,41,110000
85,10012,5,Plywood,1138,Y,1181,2,0,3,1,6,588,Edwards,36,137500
20,20896,5,VinylSd,2077,Y,2097,1,1,1,1,8,1134,Somerst,1,423000
60,11194,5,VinylSd,1406,Y,1936,2,1,3,1,7,504,Gilbert,6,230500
60,18450,5,Plywood,1021,Y,2380,2,1,3,1,7,596,NAmes,42,129000
20,8125,5,HdBoard,1408,Y,1679,2,0,3,1,7,575,SawyerW,14,193500
20,14175,6,CemntBd,1188,Y,1437,1,1,3,1,6,576,Sawyer,50,168000
30,11600,5,MetalSd,700,Y,1180,1,0,2,1,5,252,Crawfor,84,137500
60,8633,5,VinylSd,738,Y,1476,2,1,3,1,7,540,CollgCr,4,173500
70,6629,6,Wd Sdng,672,N,1369,2,0,3,1,6,300,Edwards,84,103600
20,11250,6,Plywood,1208,Y,1208,1,1,3,1,6,546,Veenker,29,165000
20,14442,7,CemntBd,1477,Y,1839,2,0,3,1,7,416,Crawfor,50,257500
20,9200,6,HdBoard,1136,Y,1136,1,0,3,1,5,384,NAmes,43,140000
160,2289,6,Plywood,855,Y,1441,2,1,3,1,7,440,NPkVill,31,148500
70,9600,2,AsbShng,1095,N,1774,2,0,4,2,8,779,OldTown,106,87000
30,9022,8,VinylSd,768,Y,792,1,0,2,1,5,240,OldTown,85,109500
20,11844,5,VinylSd,2046,Y,2046,2,1,3,1,7,834,StoneBr,1,372500
20,9945,5,Wd Sdng,988,Y,988,1,0,3,1,5,572,Sawyer,46,128500
120,8012,5,Plywood,923,Y,923,2,0,2,1,5,264,SawyerW,30,143000
50,4500,5,VinylSd,793,Y,1520,1,0,3,1,6,281,SWISU,77,159434
120,2887,5,Wd Sdng,1291,Y,1291,1,0,2,1,6,431,ClearCr,12,173000
20,11248,5,VinylSd,1626,Y,1668,2,0,3,1,7,702,CollgCr,5,285000
60,16770,5,VinylSd,1195,Y,1839,2,1,4,1,7,486,NoRidge,12,221000
160,5062,5,HdBoard,1190,Y,2090,2,0,3,1,6,577,StoneBr,23,207500
60,10207,6,VinylSd,874,Y,1761,3,0,3,1,7,578,Somerst,0,227875
160,5105,5,MetalSd,551,Y,1102,2,1,2,1,4,480,Somerst,3,148800
20,8089,6,MetalSd,1419,Y,1419,2,0,2,1,7,567,StoneBr,0,392000
120,7577,5,VinylSd,1362,Y,1362,2,0,2,1,6,460,NridgHt,2,194700
120,4426,5,VinylSd,848,Y,848,1,0,1,1,3,420,CollgCr,4,141000
60,21535,6,HdBoard,2444,Y,4316,3,1,4,1,10,832,NoRidge,13,755000
60,26178,5,MetalSd,1210,Y,2519,2,1,4,1,9,628,Timber,17,335000
30,5400,6,MetalSd,1073,Y,1073,1,0,2,1,4,326,OldTown,85,108480
50,6120,6,Wd Sdng,927,Y,1539,1,1,3,1,5,576,BrkSide,73,141500
20,13811,6,HdBoard,1112,Y,1137,2,0,2,1,5,551,Timber,19,176000
30,6000,7,Wd Sdng,616,Y,616,1,0,2,1,4,205,BrkSide,85,89000
20,6420,7,Wd Sdng,980,Y,1148,1,0,2,1,6,308,Edwards,54,123500
20,8450,8,MetalSd,894,Y,894,1,0,3,1,5,336,Sawyer,45,138500
120,4282,5,MetalSd,1391,Y,1391,2,0,2,1,5,530,Somerst,4,196000
20,14331,5,VinylSd,1800,Y,1800,2,0,3,1,7,765,Timber,4,312500
20,9600,5,HdBoard,1164,Y,1164,1,1,3,1,6,528,NWAmes,37,140000
60,12438,5,VinylSd,1234,Y,2576,2,1,4,1,10,666,StoneBr,0,361919
190,7630,9,Wd Sdng,360,Y,1812,2,0,4,2,8,672,OldTown,110,140000
20,8400,5,VinylSd,1473,Y,1484,2,0,3,1,7,606,CollgCr,6,213000
190,5600,5,VinylSd,0,N,1092,2,0,3,2,7,0,IDOTRR,80,55000
20,115149,5,Plywood,1643,Y,1824,2,0,2,1,5,739,ClearCr,36,302000
120,6240,5,MetalSd,1324,Y,1324,2,0,2,1,6,550,NridgHt,3,254000
60,9018,5,VinylSd,728,Y,1456,2,1,3,1,8,400,Gilbert,0,179540
20,7162,7,HdBoard,876,Y,904,1,0,3,1,6,408,Sawyer,42,109900
30,4130,6,VinylSd,270,Y,729,1,0,2,1,5,0,BrkSide,73,52000
50,8712,7,MetalSd,859,Y,1178,1,0,2,1,7,384,IDOTRR,110,102776
120,4671,5,HdBoard,1228,Y,1228,2,0,2,1,5,472,StoneBr,20,189000
190,9873,5,HdBoard,960,N,960,1,0,3,1,6,576,BrkSide,36,129000
60,13517,8,HdBoard,725,Y,1479,2,1,3,1,6,475,Sawyer,34,130500
20,10140,5,HdBoard,1064,Y,1350,2,0,3,1,7,478,NWAmes,35,165000
70,10800,8,Wd Sdng,718,Y,2554,1,1,3,1,8,704,OldTown,117,159500
20,10000,6,HdBoard,1176,Y,1178,1,1,3,1,5,439,NWAmes,35,157000
60,10542,5,Wd Sdng,1311,Y,2418,2,1,3,1,9,983,NoRidge,15,341000
20,9920,6,HdBoard,971,Y,971,1,1,3,1,5,300,CollgCr,37,128500
120,6563,5,HdBoard,1742,Y,1742,2,0,2,1,5,564,StoneBr,21,275000
120,4426,5,VinylSd,848,Y,848,1,0,1,1,3,420,CollgCr,6,143000
20,8120,7,MetalSd,864,Y,864,1,0,3,1,5,463,NAmes,39,124500
50,8172,6,MetalSd,941,Y,1470,2,0,4,1,7,548,Edwards,54,135000
20,13286,5,CemntBd,1698,Y,1698,2,0,3,1,8,768,Edwards,2,320000
20,6960,6,HdBoard,864,Y,864,1,0,3,1,5,660,NAmes,39,120500
20,21695,9,Wd Sdng,880,Y,1680,2,0,3,1,5,540,Crawfor,21,222000
20,7314,5,VinylSd,1232,Y,1232,2,0,2,1,6,632,CollgCr,2,194500
90,11475,5,VinylSd,1584,Y,1776,2,0,4,2,9,888,NAmes,51,110000
30,6240,5,MetalSd,780,Y,1208,1,0,2,1,5,539,IDOTRR,84,103000
120,5389,5,CemntBd,1595,Y,1616,2,0,2,1,5,608,StoneBr,15,236500
80,9590,5,VinylSd,868,Y,1146,2,0,3,1,6,438,Timber,4,187500
60,11404,5,VinylSd,1153,Y,2031,2,1,3,1,8,541,CollgCr,10,222500
20,10000,6,HdBoard,864,Y,1144,1,0,3,1,6,264,Sawyer,48,131400
20,8978,5,Plywood,948,Y,948,1,0,3,1,6,300,Sawyer,39,108000
75,10800,7,Wd Sdng,880,N,1768,1,1,2,1,6,320,OldTown,92,163000
90,8544,4,Stucco,0,N,1040,2,0,2,2,6,400,NAmes,56,93500
60,10463,5,VinylSd,893,Y,1801,2,1,3,1,8,800,Gilbert,1,239900
90,10800,5,Plywood,1200,Y,1200,3,0,3,1,5,0,Edwards,22,179000
60,9313,5,VinylSd,864,Y,1728,2,1,3,1,7,572,CollgCr,5,190000
70,9600,7,Wd Sdng,264,Y,1432,2,0,2,1,7,360,OldTown,97,132000
20,6768,8,HdBoard,912,Y,912,1,0,3,1,5,288,Sawyer,47,142000
20,8450,5,VinylSd,1349,Y,1349,2,0,3,1,6,539,SawyerW,7,179000
80,12886,6,HdBoard,520,Y,1464,2,0,3,1,6,480,Sawyer,46,175000
120,5395,5,HdBoard,1337,Y,1337,2,0,2,1,5,462,StoneBr,15,180000
60,8963,9,VinylSd,1142,Y,2715,3,1,4,1,11,831,NWAmes,32,299800
60,8795,5,VinylSd,952,Y,2256,2,1,4,1,8,554,Gilbert,9,236000
70,11700,7,Stucco,1240,N,2640,1,1,4,1,8,864,OldTown,129,265979
20,10593,5,VinylSd,1720,Y,1720,2,0,3,1,7,527,NoRidge,14,260400
50,8405,3,WdShing,0,N,1529,2,0,4,1,9,240,Edwards,64,98000
50,8800,7,Wd Sdng,576,Y,1140,1,0,3,1,7,0,OldTown,100,96500
60,7750,5,VinylSd,660,Y,1320,2,1,3,1,6,400,Gilbert,4,162000
20,9236,5,VinylSd,1479,Y,1494,2,0,3,1,6,576,CollgCr,9,217000
60,10240,5,VinylSd,1030,Y,2098,2,1,3,1,8,878,NridgHt,1,275500
20,7930,8,Plywood,1026,Y,1026,1,0,3,1,5,440,NAmes,40,156000
160,3230,5,MetalSd,729,Y,1471,2,1,3,1,6,440,Somerst,10,172500
60,10769,5,VinylSd,866,Y,1768,2,1,3,1,7,578,CollgCr,2,212000
60,11616,5,HdBoard,672,Y,1386,2,1,3,1,6,440,Sawyer,32,158900
160,2280,5,MetalSd,744,Y,1501,2,1,3,1,6,440,Somerst,9,179400
60,12257,5,VinylSd,1318,Y,2531,2,1,4,1,9,752,NoRidge,12,290000
20,9100,6,Wd Sdng,864,Y,864,1,0,2,1,5,300,NAmes,50,127500
30,6911,5,Wd Sdng,1145,Y,1301,1,0,2,1,5,440,BrkSide,85,100000
60,8640,5,VinylSd,756,Y,1547,2,1,3,1,7,614,Somerst,1,215200
60,9430,5,VinylSd,1252,Y,2365,2,1,3,1,8,856,NoRidge,10,337000
120,9549,5,BrkFace,1494,Y,1494,1,1,2,1,6,481,Veenker,11,270000
20,14587,5,VinylSd,1498,Y,1506,2,0,2,1,6,592,Somerst,0,264132
60,10421,5,HdBoard,980,Y,1714,2,1,3,1,7,496,NWAmes,22,196500
50,12508,7,VinylSd,983,Y,1750,2,0,4,1,7,423,Mitchel,68,160000
20,9100,5,VinylSd,1860,Y,1836,2,0,3,1,8,484,CollgCr,2,216837
60,53504,5,CemntBd,1650,Y,3279,3,1,4,1,12,841,StoneBr,7,538000
85,7252,5,Wd Sdng,858,Y,858,1,0,2,1,5,576,Sawyer,27,134900
20,8877,5,Wd Sdng,836,Y,1220,1,0,2,1,6,396,Edwards,55,102000
80,7819,5,Plywood,1029,Y,1117,1,0,3,1,6,672,Edwards,34,107000
20,10150,5,Wd Sdng,912,Y,912,1,0,2,1,5,275,NAmes,49,114500
20,14226,5,VinylSd,1935,Y,1973,2,0,3,1,9,895,NridgHt,1,395000
120,4500,5,VinylSd,1204,Y,1204,2,0,2,1,5,412,Mitchel,11,162000
20,11210,5,VinylSd,1614,Y,1614,2,0,3,1,7,865,CollgCr,1,221500
20,13350,5,HdBoard,864,Y,894,1,0,3,1,5,440,Sawyer,32,142500
90,8400,5,Plywood,0,Y,2020,2,0,4,2,10,630,SawyerW,30,144000
90,10530,5,Plywood,975,Y,1004,1,0,2,1,4,504,Mitchel,29,135000
20,7875,5,HdBoard,1237,Y,1253,2,0,3,1,6,402,Gilbert,12,176000
60,7153,5,VinylSd,761,Y,1603,2,1,3,1,7,484,SawyerW,14,175900
20,16285,5,VinylSd,1413,Y,1430,2,0,3,1,6,605,CollgCr,8,187100
85,9101,6,Plywood,1097,Y,1110,1,0,1,1,4,602,Mitchel,31,165500
75,6300,6,Wd Sdng,742,Y,1484,2,0,3,1,9,0,OldTown,94,128000
20,9790,5,BrkFace,1372,Y,1342,2,0,3,1,7,457,NWAmes,42,161500
50,10800,6,MetalSd,686,Y,1652,2,0,4,1,7,416,OldTown,95,139000
60,10142,5,VinylSd,956,Y,2084,2,1,4,1,8,618,SawyerW,6,233000
20,6000,7,MetalSd,901,Y,901,1,0,2,1,4,281,OldTown,54,107900
60,12205,8,HdBoard,832,Y,2087,2,1,5,1,9,444,ClearCr,41,187500
120,3182,5,VinylSd,1145,Y,1145,2,0,2,1,5,397,Blmngtn,4,160200
80,11333,5,HdBoard,1029,Y,1062,1,0,3,1,5,539,Mitchel,31,146800
60,9920,5,MetalSd,1117,Y,2013,2,1,3,1,8,455,NoRidge,11,269790
20,9158,5,CemntBd,1496,Y,1496,2,0,3,1,7,474,Somerst,0,225000
60,10832,5,MetalSd,712,Y,1895,2,1,3,1,7,409,Gilbert,14,194500
60,8400,6,HdBoard,650,Y,1564,2,1,3,1,7,476,SawyerW,30,171000
20,8197,5,Plywood,660,Y,1285,1,1,3,1,7,528,Sawyer,30,143500
20,7677,5,VinylSd,773,Y,773,1,0,2,1,4,240,NAmes,55,110000
60,13518,5,VinylSd,1926,Y,3140,3,1,4,1,11,820,NridgHt,1,485000
50,7200,7,Wd Sdng,731,Y,1768,1,1,3,1,7,240,SWISU,70,175000
60,12798,5,VinylSd,616,Y,1688,2,1,4,1,8,603,ClearCr,11,200000
30,4800,7,MetalSd,1196,Y,1196,1,0,2,1,5,440,IDOTRR,91,109900
60,8199,5,WdShing,728,Y,1456,2,1,3,1,7,410,CollgCr,3,189000
60,13891,5,VinylSd,1734,Y,2822,3,1,4,1,12,1020,NridgHt,1,582933
20,9000,5,Wd Sdng,936,Y,1128,1,0,2,1,5,286,NAmes,52,118000
20,12274,5,VinylSd,1417,Y,1428,2,0,3,1,6,554,Somerst,0,227680
80,9750,5,VinylSd,980,Y,980,2,0,3,1,6,384,NAmes,39,135500
70,21384,6,Wd Sdng,1324,Y,1576,1,1,3,1,6,528,BrkSide,86,223500
80,13400,5,VinylSd,1024,Y,1086,1,0,3,1,6,484,NAmes,40,159950
75,8100,5,AsbShng,849,N,2138,2,0,2,3,11,360,OldTown,111,106000
20,10140,6,HdBoard,1040,Y,1309,1,1,3,1,5,484,NWAmes,32,181000
120,4438,5,VinylSd,848,Y,848,1,0,1,1,4,420,CollgCr,4,144500
20,8712,5,Wd Sdng,540,N,1044,1,0,2,1,4,504,IDOTRR,58,55993
20,9750,6,MetalSd,1442,Y,1442,1,1,4,1,7,301,NAmes,49,157900
50,8248,7,Stucco,686,Y,1250,1,1,3,1,7,280,Edwards,88,116000
20,12137,5,VinylSd,1649,Y,1661,2,0,3,1,6,598,CollgCr,12,224900
20,11425,6,BrkFace,1008,Y,1008,1,0,2,1,4,275,NAmes,52,137000
20,13265,5,CemntBd,1568,Y,1689,2,0,3,1,7,857,Mitchel,6,271000
80,8816,7,HdBoard,1010,Y,1052,1,0,3,1,6,440,ClearCr,39,155000
120,6371,5,VinylSd,1358,Y,1358,2,0,2,1,6,484,NridgHt,1,224000
60,7226,5,VinylSd,798,Y,1640,2,1,3,1,6,595,CollgCr,5,183000
20,6000,4,MetalSd,936,N,936,1,0,2,1,4,576,OldTown,56,93000
60,12394,5,VinylSd,847,Y,1733,2,1,3,1,7,433,Gilbert,4,225000
50,9900,7,VinylSd,778,Y,1489,2,0,3,1,7,240,SWISU,69,139500
20,11216,5,VinylSd,1489,Y,1489,2,0,3,1,7,776,Somerst,0,232600
20,14803,5,CemntBd,2078,Y,2084,2,0,2,1,7,1220,NridgHt,1,385000
45,6130,6,MetalSd,784,Y,784,1,0,2,1,5,0,BrkSide,84,109500
20,8529,5,VinylSd,1454,Y,1434,2,0,3,1,6,527,SawyerW,8,189000
60,28698,5,Plywood,1013,Y,2126,2,1,3,1,7,538,ClearCr,42,185000
160,2544,5,MetalSd,600,Y,1223,2,1,2,1,4,480,Somerst,1,147400
20,11900,5,HdBoard,1392,Y,1392,1,1,3,1,6,458,NAmes,51,166000
160,3180,5,MetalSd,600,Y,1200,2,1,2,1,4,480,Somerst,1,151000
60,9548,6,VinylSd,941,Y,1829,2,1,3,1,7,613,CollgCr,7,237000
20,10004,6,HdBoard,1516,Y,1516,1,1,3,1,6,472,NAmes,45,167000
20,7875,6,VinylSd,1144,Y,1144,1,0,3,1,6,456,NAmes,47,139950
20,9600,7,VinylSd,1067,Y,1067,2,0,2,1,4,436,Sawyer,60,128000
30,8100,6,VinylSd,1559,Y,1559,1,0,2,1,5,812,OldTown,59,153500
160,1680,5,HdBoard,483,Y,987,1,1,2,1,5,264,BrDale,35,100000
20,9525,6,VinylSd,1099,Y,1099,1,1,3,1,6,352,CollgCr,13,144000
50,11767,6,MetalSd,768,Y,1200,1,0,3,1,6,240,Edwards,62,130500
70,12155,8,Wd Sdng,672,N,1482,2,0,4,1,7,400,SWISU,83,140000
70,10440,8,MetalSd,650,Y,1539,2,0,3,1,8,686,OldTown,104,157500
80,9020,7,HdBoard,1127,Y,1165,1,1,3,1,6,490,NAmes,42,174900
90,8000,4,BrkFace,1800,N,1800,2,0,6,2,10,0,NAmes,46,141000
50,12665,8,Wd Sdng,876,Y,1416,1,1,4,1,7,720,OldTown,93,153900
85,16647,5,HdBoard,1390,Y,1701,2,0,3,1,6,611,Sawyer,32,171000
60,9317,5,HdBoard,740,Y,1775,2,1,3,1,7,425,SawyerW,16,213000
20,15523,6,HdBoard,864,Y,864,1,0,3,1,5,338,CollgCr,37,133500
50,45600,8,Wd Sdng,907,Y,2358,3,0,5,1,10,360,ClearCr,100,240000
80,9600,7,Plywood,528,Y,1855,2,1,3,1,7,512,Veenker,31,187000
120,4435,5,VinylSd,848,Y,848,1,0,1,1,3,420,CollgCr,4,131500
120,3196,5,VinylSd,1273,Y,1456,2,0,2,1,7,400,Blmngtn,3,215000
75,7128,5,MetalSd,918,Y,1646,2,0,4,1,7,240,Crawfor,66,164000
80,12095,6,MetalSd,1127,Y,1445,1,1,3,1,7,645,NAmes,45,158000
20,17920,4,Wd Sdng,1763,Y,1779,1,1,3,1,6,454,Sawyer,51,170000
20,6897,8,HdBoard,1040,Y,1040,1,1,3,1,6,260,Sawyer,48,127000
80,10970,6,Plywood,940,Y,1026,1,0,3,1,5,576,CollgCr,30,147000
60,8125,5,HdBoard,702,Y,1481,2,1,3,1,6,343,Gilbert,15,174000
20,10400,5,HdBoard,1090,Y,1370,2,0,3,1,6,479,NWAmes,33,152000
60,11029,7,HdBoard,1054,Y,2654,2,1,4,1,9,619,NWAmes,38,250000
50,7642,8,Wd Sdng,912,Y,1426,1,1,3,1,7,216,Crawfor,89,189950
190,11625,4,Plywood,1039,Y,1039,1,1,3,1,6,504,Sawyer,45,131500
20,9672,5,HdBoard,1040,Y,1097,2,0,3,1,6,480,SawyerW,26,152000
20,7931,5,BrkFace,1148,Y,1148,1,0,3,1,6,672,NAmes,50,132500
20,8640,5,VinylSd,1372,Y,1372,2,0,3,1,6,529,Somerst,1,250580
20,8750,6,MetalSd,1002,Y,1002,1,0,3,1,5,902,NAmes,39,148500
20,10656,5,VinylSd,1638,Y,1646,2,0,3,1,6,870,Timber,1,248900
20,6970,5,VinylSd,1040,Y,1120,1,1,3,1,5,544,Sawyer,46,129000
60,14762,6,Plywood,0,Y,2320,2,0,2,1,7,672,Gilbert,58,169000
60,9938,5,MetalSd,1050,Y,1949,2,1,3,1,8,574,SawyerW,17,236000
20,6600,5,MetalSd,894,N,894,1,0,2,1,5,308,NAmes,47,109500
60,8750,5,VinylSd,804,Y,1682,2,1,3,1,7,523,CollgCr,12,200500
20,8892,7,WdShing,105,Y,910,1,0,3,1,5,414,NAmes,55,116000
40,12144,7,HdBoard,832,Y,1268,1,0,3,1,6,288,NAmes,60,133000
50,5720,6,Wd Sdng,676,Y,1131,1,1,3,1,5,200,OldTown,68,66500
60,9000,5,CemntBd,1184,Y,2610,2,1,4,1,11,550,Somerst,0,303477
20,25286,5,HdBoard,1064,Y,1040,1,0,3,1,5,648,Mitchel,44,132250
60,8834,5,VinylSd,1462,Y,2224,2,1,4,1,10,738,NridgHt,5,350000
85,11782,7,HdBoard,1109,Y,1155,1,0,3,1,6,576,Sawyer,49,148000
20,7000,8,VinylSd,864,Y,864,1,0,3,1,6,336,CollgCr,31,136500
20,7024,5,VinylSd,1090,Y,1090,1,1,2,1,5,450,Edwards,2,157000
50,13758,5,HdBoard,1156,Y,1717,2,1,3,1,7,400,Timber,17,187500
60,9636,5,VinylSd,808,Y,1593,2,1,3,1,7,389,Gilbert,17,178000
75,6204,5,Wd Sdng,795,N,2230,1,0,5,1,10,440,SWISU,94,118500
20,7150,5,HdBoard,892,Y,892,1,0,3,1,5,288,NAmes,42,100000
120,5119,5,MetalSd,1698,Y,1709,2,0,2,1,5,506,Somerst,9,328900
90,8393,5,MetalSd,1626,Y,1712,2,0,4,2,8,588,NAmes,47,145000
50,16466,7,MetalSd,816,Y,1393,1,1,3,1,8,300,Edwards,53,135500
20,15865,6,Wd Sdng,2217,Y,2217,2,0,4,1,8,621,NAmes,37,268000
20,12160,4,Wd Sdng,1505,Y,1505,1,0,2,1,6,505,NAmes,56,149500
50,8064,7,MetalSd,672,Y,924,1,0,3,1,6,576,NAmes,58,122900
60,11184,5,HdBoard,918,Y,1683,2,1,3,1,7,440,Sawyer,31,172500
20,8414,8,HdBoard,1059,Y,1068,1,0,3,1,6,264,Sawyer,43,154500
20,13284,5,Wd Sdng,1383,Y,1383,1,0,3,1,6,354,Sawyer,54,165000
90,7018,5,Plywood,0,Y,1535,2,0,4,2,8,400,SawyerW,30,118858
60,7056,5,HdBoard,780,Y,1796,1,1,4,1,8,483,NAmes,45,140000
30,8765,6,Wd Sdng,951,N,951,1,0,2,1,6,327,IDOTRR,70,106500
90,7018,5,Plywood,0,Y,2240,2,0,6,2,12,528,SawyerW,30,142953
20,12919,5,VinylSd,2330,Y,2364,2,1,2,1,11,820,NridgHt,1,611657
20,6993,7,HdBoard,912,Y,1236,1,0,3,1,6,288,Sawyer,45,135000
20,7340,6,HdBoard,858,Y,858,1,0,2,1,4,684,NAmes,36,110000
20,8712,7,MetalSd,992,Y,1306,1,0,2,1,5,756,NAmes,52,153000
60,7875,5,VinylSd,783,Y,1509,2,1,3,1,8,393,Gilbert,3,180000
20,14859,5,VinylSd,1670,Y,1670,2,0,3,1,7,690,Gilbert,0,240000
20,6173,6,HdBoard,876,Y,902,1,0,3,1,6,288,Sawyer,40,125500
20,9920,5,HdBoard,1056,Y,1063,1,0,3,1,6,280,NAmes,56,128000
20,13501,5,VinylSd,1623,Y,1636,2,0,3,1,8,865,Somerst,1,255000
50,11500,7,BrkFace,1017,Y,2057,1,1,3,1,6,180,Crawfor,70,250000
20,8885,5,HdBoard,864,Y,902,1,0,2,1,5,484,Mitchel,23,131000
60,12589,5,VinylSd,742,Y,1484,2,1,3,1,8,390,Gilbert,4,174000
90,11600,5,MetalSd,1105,Y,2274,2,0,5,2,12,480,NAmes,50,154300
20,9286,7,HdBoard,1268,Y,1268,1,1,3,1,5,252,CollgCr,32,143500
30,6120,7,MetalSd,768,N,1015,1,0,3,1,6,450,BrkSide,81,88000
90,6270,6,MetalSd,1001,N,2002,2,0,4,2,8,871,Crawfor,58,145000
160,3000,5,VinylSd,612,Y,1224,2,1,2,1,4,528,Somerst,0,173733
160,2001,5,CemntBd,546,Y,1092,1,1,3,1,6,286,MeadowV,37,75000
20,9000,3,AsbShng,480,N,480,0,0,1,1,4,308,IDOTRR,57,35311
20,17140,6,VinylSd,1134,Y,1229,1,0,3,1,6,284,Edwards,53,135000
60,13125,5,HdBoard,1104,Y,2127,2,1,4,1,8,833,SawyerW,16,238000
20,11029,8,MetalSd,1184,Y,1414,1,0,3,1,6,601,NAmes,50,176500
60,8462,5,HdBoard,928,Y,1721,2,1,3,1,7,471,SawyerW,13,201000
90,8777,7,MetalSd,1272,Y,2200,2,2,4,2,9,0,Edwards,108,145900
20,10237,5,VinylSd,1316,Y,1316,2,0,3,1,6,397,Gilbert,1,169990
120,8012,5,Plywood,1604,Y,1617,2,0,2,1,5,533,SawyerW,15,193000
20,10240,6,Plywood,1686,Y,1686,2,0,3,1,7,612,NWAmes,26,207500
20,15611,6,VinylSd,1126,Y,1126,2,0,3,1,6,540,NWAmes,31,175000
60,11999,5,VinylSd,1181,Y,2374,2,1,4,1,10,656,NridgHt,4,285000
60,9900,5,MetalSd,832,Y,1978,2,1,4,1,9,486,NWAmes,40,176000
20,11838,5,VinylSd,1753,Y,1788,2,0,3,1,7,522,CollgCr,8,236500
60,13006,5,HdBoard,964,Y,2236,2,1,4,1,8,642,Gilbert,9,222000
20,8925,5,VinylSd,1466,Y,1466,2,0,3,1,7,610,Timber,2,201000
20,9100,6,VinylSd,925,Y,925,1,0,2,1,5,429,NAmes,44,117500
20,11670,5,VinylSd,1905,Y,1905,2,0,3,1,8,788,Somerst,1,320000
20,8487,5,VinylSd,1500,Y,1500,2,0,3,1,6,570,CollgCr,5,190000
20,27650,7,Wd Sdng,585,Y,2069,2,0,4,1,9,505,NAmes,48,242000
30,5825,5,MetalSd,600,Y,747,1,0,1,1,5,528,BrkSide,80,79900
20,10083,5,VinylSd,1176,Y,1200,2,0,2,1,5,555,SawyerW,6,184900
60,9675,5,VinylSd,1113,Y,1971,2,1,3,1,8,689,Somerst,4,253000
60,8760,5,VinylSd,1391,Y,1962,2,1,3,1,7,868,CollgCr,0,239799
70,24090,7,MetalSd,1032,Y,2403,2,0,4,1,10,349,ClearCr,70,244400
90,12640,5,Plywood,1728,Y,1728,2,0,4,2,8,574,Mitchel,30,150900
60,8755,5,VinylSd,992,Y,2060,2,1,3,1,8,390,Gilbert,10,214000
90,7711,3,MetalSd,1440,Y,1440,2,0,4,2,8,0,Edwards,30,150000
90,25000,4,HdBoard,1632,Y,1632,2,0,4,2,8,576,Mitchel,40,143000
20,14375,6,HdBoard,819,Y,1344,1,0,3,1,7,525,Timber,51,137500
50,8820,6,VinylSd,1088,Y,1869,1,0,2,1,7,456,OldTown,119,124900
80,8163,6,HdBoard,1144,Y,1144,1,0,3,1,6,796,NAmes,47,143000
20,14536,5,VinylSd,1616,Y,1629,2,0,3,1,9,808,Timber,5,270000
60,14006,5,VinylSd,936,Y,1776,2,1,3,1,7,474,CollgCr,4,192500
20,9360,7,Plywood,1161,Y,1381,1,1,3,1,5,676,NWAmes,38,197500
20,7200,8,VinylSd,864,Y,864,1,0,3,1,5,720,NAmes,57,129000
20,7800,5,VinylSd,828,Y,965,1,0,3,1,6,300,SawyerW,41,119900
85,7200,8,WdShing,768,Y,768,1,0,2,1,5,396,CollgCr,37,133900
60,11075,4,HdBoard,784,Y,1968,2,1,4,1,7,530,Mitchel,39,172000
90,9400,5,WdShing,945,Y,980,2,0,4,0,4,0,Edwards,31,127500
90,7136,6,MetalSd,979,N,1958,2,0,4,2,8,492,Crawfor,61,145000
160,1300,6,MetalSd,561,Y,1229,1,1,2,1,5,462,Blueste,29,124000
20,7420,5,MetalSd,1057,Y,1057,1,0,3,1,6,576,Sawyer,45,132000
20,8450,5,VinylSd,1337,Y,1337,2,0,3,1,6,531,CollgCr,4,185000
160,2572,5,MetalSd,696,Y,1416,2,1,3,1,6,484,Somerst,11,155000
20,7207,7,Wd Sdng,858,Y,858,1,0,2,1,4,0,BrkSide,52,116500
60,12227,7,HdBoard,1330,Y,2872,2,1,4,1,11,619,NWAmes,31,272000
160,2308,6,Plywood,804,Y,1548,2,1,3,1,7,440,NPkVill,31,155000
20,11923,5,VinylSd,1800,Y,1800,2,0,2,1,7,702,CollgCr,2,239000
60,11316,5,VinylSd,817,Y,1894,2,1,4,1,8,510,Timber,8,214900
60,10237,5,VinylSd,783,Y,1484,2,1,3,1,8,393,Gilbert,2,178900
50,9600,7,MetalSd,728,Y,1308,1,1,2,1,7,256,Crawfor,69,160000
20,7390,7,Wd Sdng,1098,Y,1098,1,0,3,1,6,260,NAmes,53,135000
50,5925,6,VinylSd,600,N,968,1,0,2,1,6,0,OldTown,99,37900
190,10382,5,HdBoard,588,Y,1095,1,0,2,1,6,264,NAmes,48,140000
50,10800,4,AsbShng,720,N,1192,1,1,4,1,6,0,NAmes,57,135000
160,2268,5,VinylSd,764,Y,1626,2,0,2,1,6,474,NridgHt,6,173000
120,7892,5,Plywood,918,Y,918,2,0,2,1,5,264,SawyerW,31,99500
20,11639,5,CemntBd,1428,Y,1428,2,0,3,1,6,480,Somerst,1,182000
70,11414,8,HdBoard,728,N,2019,1,0,3,1,8,532,BrkSide,99,167500
160,2651,5,MetalSd,673,Y,1382,2,1,3,1,6,490,Somerst,6,165000
30,5900,7,Wd Sdng,440,Y,869,1,0,2,1,4,0,BrkSide,83,85500
120,4274,5,VinylSd,1241,Y,1241,1,1,1,1,4,569,Somerst,1,199900
20,9450,5,MetalSd,894,Y,894,1,0,3,1,5,400,Edwards,53,110000
20,8816,6,VinylSd,1121,Y,1121,1,0,3,1,5,480,Sawyer,46,139000
85,12122,9,CemntBd,944,Y,999,1,0,3,1,6,588,NAmes,47,178400
60,12203,5,VinylSd,1225,Y,2612,2,1,4,1,8,676,NoRidge,11,336000
20,3182,5,VinylSd,1266,Y,1266,2,0,2,1,6,388,Blmngtn,1,159895
60,11250,5,CemntBd,1128,Y,2290,2,1,4,1,9,779,CollgCr,6,255900
90,10125,5,Plywood,0,Y,1734,2,0,4,2,8,539,Mitchel,32,126000
190,10880,5,MetalSd,1164,N,1164,1,0,3,1,5,240,Edwards,58,125000
50,5310,8,VinylSd,485,Y,1635,1,0,2,1,5,255,OldTown,96,117000
20,10159,5,VinylSd,1930,Y,1940,2,1,3,1,8,606,NridgHt,1,395192
60,12046,6,Plywood,848,Y,2030,2,1,4,1,8,551,NWAmes,31,195000
60,8125,5,VinylSd,770,Y,1576,2,1,3,1,6,614,Somerst,0,197000
60,9452,5,VinylSd,1396,Y,2392,2,1,3,1,7,870,NoRidge,9,348000
70,17671,9,Wd Sdng,916,Y,1742,1,1,4,1,8,424,OldTown,127,168000
60,9760,8,Wd Sdng,822,Y,1851,2,1,3,1,7,440,NAmes,43,187000
60,8846,5,VinylSd,750,Y,1500,2,1,3,1,6,564,CollgCr,1,173900
20,12456,5,CemntBd,1700,Y,1718,2,0,3,1,7,786,NridgHt,3,337500
50,4712,7,MetalSd,747,Y,1230,1,1,3,1,5,305,BrkSide,60,121600
20,10659,6,Wd Sdng,1050,Y,1050,1,0,3,1,6,368,NAmes,45,136500
20,11717,6,HdBoard,1442,Y,1442,2,0,2,1,6,615,NWAmes,39,185000
30,9786,4,Wd Sdng,1007,N,1077,1,0,3,1,6,210,IDOTRR,84,91000
20,6762,5,VinylSd,1187,Y,1208,2,0,2,1,6,632,CollgCr,4,206000
20,10206,3,BrkComm,0,N,944,1,0,2,1,4,528,Edwards,57,82000
30,5400,6,Wd Sdng,691,Y,691,1,0,2,1,4,216,OldTown,87,86000
20,11957,5,VinylSd,1574,Y,1574,2,0,3,1,7,824,Somerst,2,232000
90,11500,6,VinylSd,1680,Y,1680,2,0,4,2,8,528,NWAmes,31,136905
120,3182,5,VinylSd,1346,Y,1504,2,0,1,1,7,457,Blmngtn,4,181000
80,8385,8,HdBoard,985,Y,985,2,0,3,1,6,328,CollgCr,31,149900
20,12155,3,Plywood,1657,Y,1657,2,0,3,1,7,484,NAmes,37,163500
160,2217,4,CemntBd,546,Y,1092,1,1,3,1,6,286,MeadowV,39,88000
20,12118,5,VinylSd,1710,Y,1710,2,0,3,1,7,550,Mitchel,5,240000
50,6000,5,Wd Sdng,1008,Y,1522,2,0,4,1,7,0,SWISU,80,102000
50,21286,5,Wd Sdng,720,Y,1271,2,0,4,1,7,312,Sawyer,60,135000
90,9825,5,AsphShn,0,N,1664,2,0,4,2,8,0,Edwards,45,100000
70,10592,7,Wd Sdng,602,Y,1502,1,1,3,1,7,180,Crawfor,84,165000
30,7200,4,MetalSd,1022,N,1022,1,0,2,1,4,280,OldTown,99,85000
20,11664,5,MetalSd,1082,Y,1082,1,0,2,1,5,240,NAmes,59,119200
60,8400,6,VinylSd,810,Y,1665,2,1,3,1,6,528,NWAmes,8,227000
20,11883,5,VinylSd,1504,Y,1504,2,0,3,1,6,478,CollgCr,13,203000
120,5814,5,HdBoard,1220,Y,1360,1,0,1,1,4,565,StoneBr,25,187500
80,10784,5,HdBoard,384,Y,1472,2,1,3,1,7,402,Gilbert,16,160000
120,3013,5,VinylSd,1362,Y,1506,2,0,2,1,6,440,Blmngtn,1,213490
20,7024,5,VinylSd,1132,Y,1132,1,1,2,1,5,451,Edwards,3,176000
20,7406,5,VinylSd,1199,Y,1220,2,0,2,1,6,632,CollgCr,0,194000
50,9439,5,Wd Sdng,912,Y,1248,1,0,2,1,6,160,OldTown,77,87000
120,3182,5,VinylSd,1346,Y,1504,2,0,2,1,7,437,Blmngtn,3,191000
20,15498,6,Stone,1565,Y,2898,2,0,2,1,10,665,Timber,32,287000
20,7700,5,VinylSd,882,Y,882,1,0,3,1,5,461,CollgCr,35,112500
20,9300,5,MetalSd,1268,Y,1264,1,0,3,1,6,461,NAmes,50,167500
20,9520,5,VinylSd,1638,Y,1646,2,0,3,1,7,800,Timber,1,293077
50,9492,5,WdShing,768,Y,1376,1,0,3,1,6,240,NAmes,66,105000
160,1680,7,HdBoard,672,Y,1218,1,1,3,1,7,264,BrDale,34,118000
190,7082,8,VinylSd,686,Y,1928,2,0,5,2,10,0,SWISU,90,160000
75,15863,3,Wd Sdng,824,Y,3082,2,1,5,1,12,672,SWISU,89,197000
60,14541,7,MetalSd,1338,Y,2520,2,1,5,1,10,796,NoRidge,13,310000
20,8125,5,VinylSd,1654,Y,1654,2,0,3,1,6,900,CollgCr,4,230000
30,6305,7,MetalSd,920,Y,954,1,0,2,1,5,240,Crawfor,69,119750
20,11500,3,Wd Sdng,0,N,845,1,0,3,1,5,290,Edwards,52,84000
20,12898,5,VinylSd,1620,Y,1620,2,0,2,1,6,912,Timber,2,315500
60,9240,5,VinylSd,1055,Y,2263,2,1,3,1,7,905,CollgCr,7,287000
160,1533,6,CemntBd,546,Y,1344,1,1,3,1,6,0,MeadowV,39,97000
180,1477,4,CemntBd,630,Y,630,1,0,1,1,3,286,MeadowV,39,80000
20,13125,4,Wd Sdng,1134,Y,1803,2,0,3,1,8,484,Sawyer,49,155000
60,9130,8,HdBoard,800,Y,1632,1,1,4,1,7,484,NWAmes,42,173000
120,5381,5,VinylSd,1306,Y,1306,2,0,1,1,5,624,NridgHt,4,196000
60,11839,5,HdBoard,1475,Y,2329,2,1,4,1,10,514,SawyerW,18,262280
20,9600,5,BrkFace,2524,Y,2524,2,1,4,1,9,542,NWAmes,28,278000
20,13680,5,BrkFace,0,Y,1733,2,0,4,1,8,452,Edwards,54,139600
60,16056,5,CemntBd,1992,Y,2868,3,1,4,1,11,716,StoneBr,1,556581
20,9245,5,VinylSd,990,Y,990,1,0,3,1,5,672,CollgCr,14,145000
20,21750,4,HdBoard,0,Y,1771,1,0,3,1,9,336,Mitchel,49,115000
20,11100,7,MetalSd,0,Y,930,1,0,2,1,6,308,Edwards,64,84900
20,8993,5,VinylSd,1302,Y,1302,2,0,3,1,6,436,Gilbert,0,176485
20,11175,5,VinylSd,1316,Y,1316,2,0,3,1,6,440,CollgCr,0,200141
60,9500,6,VinylSd,816,Y,1977,1,1,4,1,9,540,NAmes,43,165000
20,8562,6,HdBoard,1216,Y,1526,1,0,4,1,7,364,Edwards,53,144500
60,11367,5,VinylSd,1065,Y,1989,2,1,3,1,7,586,CollgCr,4,255000
20,11361,5,Plywood,1193,Y,1523,2,0,3,1,7,478,NWAmes,32,180000
120,7052,5,VinylSd,1364,Y,1364,2,0,2,1,6,484,NridgHt,1,185850
60,29959,6,HdBoard,973,Y,1850,2,1,3,1,7,467,NoRidge,15,248000
60,11308,5,VinylSd,1104,Y,2184,2,1,3,1,10,836,NridgHt,1,335000
50,11275,7,MetalSd,854,Y,1991,1,1,3,1,7,432,Crawfor,75,220000
120,4920,5,CemntBd,1338,Y,1338,2,0,2,1,6,582,StoneBr,9,213500
30,18000,4,MetalSd,894,Y,894,1,0,2,1,6,1248,IDOTRR,73,81000
190,13600,5,Wd Sdng,662,N,2337,2,0,5,2,10,560,OldTown,107,90000
30,6000,6,MetalSd,1103,Y,1103,1,0,2,1,5,440,OldTown,81,110500
20,11000,6,Plywood,1154,Y,1154,1,1,3,1,6,480,NAmes,43,154000
60,14000,5,Wd Sdng,1306,Y,2260,2,1,3,1,7,533,ClearCr,14,328000
60,7837,7,VinylSd,799,Y,1571,2,1,3,1,7,380,Gilbert,16,178000
60,9760,6,HdBoard,780,Y,1611,1,1,4,1,7,442,NAmes,44,167900
160,3964,4,CemntBd,942,Y,2521,2,1,5,1,10,576,MeadowV,33,151400
45,9600,7,MetalSd,845,Y,893,1,0,2,1,4,576,NAmes,58,135000
20,10152,5,MetalSd,1048,Y,1048,1,0,3,1,6,286,NAmes,51,135000
60,11700,6,MetalSd,727,Y,1556,1,1,4,1,8,441,NWAmes,41,154000
50,7585,3,MetalSd,810,Y,1456,1,0,4,1,7,280,Edwards,58,91500
60,7950,6,HdBoard,690,Y,1426,1,1,3,1,6,440,Edwards,32,159500
20,8556,5,VinylSd,1240,Y,1240,2,0,2,1,5,826,CollgCr,1,194000
70,13125,6,Wd Sdng,800,Y,1740,1,1,3,1,6,240,Crawfor,67,219500
50,10800,8,Wd Sdng,796,Y,1466,2,0,3,1,7,566,OldTown,70,170000
20,15870,5,VinylSd,1096,Y,1096,1,0,3,1,6,299,NAmes,37,138800
120,4435,5,VinylSd,848,Y,848,1,0,1,1,3,420,CollgCr,2,155900
20,8775,5,VinylSd,990,Y,990,1,0,3,1,5,299,CollgCr,13,126000
20,11040,7,VinylSd,1258,Y,1258,2,0,3,1,5,528,NWAmes,37,145000
20,7500,5,HdBoard,1040,Y,1040,1,1,3,1,5,308,Sawyer,47,133000
20,8749,5,VinylSd,1459,Y,1459,2,0,3,1,6,527,CollgCr,5,192000
20,8800,6,HdBoard,1251,Y,1251,1,0,3,1,6,461,NAmes,42,160000
60,13031,5,HdBoard,691,Y,1498,2,1,3,1,6,409,Gilbert,11,187500
85,9069,6,HdBoard,936,Y,996,1,0,2,1,5,564,SawyerW,18,147000
160,1974,5,CemntBd,546,Y,1092,1,1,3,1,6,286,MeadowV,37,83500
60,10574,5,VinylSd,1082,Y,1953,2,1,3,1,9,1043,Somerst,4,252000
160,2522,5,VinylSd,970,Y,1709,2,0,3,1,7,380,Edwards,2,137500
120,3316,5,MetalSd,1247,Y,1247,1,1,1,1,4,550,Somerst,1,197000
90,8544,4,BrkFace,0,N,1040,2,0,2,2,6,400,NAmes,59,92900
160,2160,5,MetalSd,600,Y,1252,2,1,2,1,4,462,Somerst,9,160000
50,8400,5,MetalSd,1181,Y,1694,2,0,4,1,7,576,SWISU,83,136500
20,9230,8,MetalSd,864,Y,1200,1,1,1,1,6,884,NAmes,41,146000
20,5868,7,MetalSd,936,Y,936,1,0,2,1,4,308,NAmes,54,129000
20,9317,5,VinylSd,1314,Y,1314,2,0,3,1,6,440,CollgCr,1,176432
70,6882,7,Wd Sdng,684,Y,1355,1,1,3,1,7,0,IDOTRR,93,127000
120,3696,5,HdBoard,1074,Y,1088,1,1,2,1,5,461,StoneBr,21,170000
50,6000,6,MetalSd,672,Y,1324,1,0,3,1,6,240,BrkSide,73,128000
20,11880,5,Plywood,1271,Y,1601,2,0,3,1,7,478,NWAmes,31,157000
30,8400,5,Wd Sdng,290,N,438,1,0,1,1,3,246,SWISU,89,60000
20,9758,5,HdBoard,950,Y,950,1,0,3,1,5,280,NAmes,36,119500
20,7000,7,Wd Sdng,1010,Y,1134,1,0,2,1,6,254,NAmes,47,135000
20,8910,6,BrkFace,655,Y,1194,1,0,3,1,6,539,NAmes,47,159500
160,2016,5,HdBoard,630,Y,1302,2,1,3,1,6,440,BrDale,37,106000
60,12256,5,HdBoard,1463,Y,2622,2,1,3,1,9,712,NoRidge,16,325000
20,10357,5,HdBoard,910,Y,1442,2,0,3,1,6,719,SawyerW,17,179900
60,23257,5,VinylSd,868,Y,2021,2,1,3,1,9,422,Gilbert,0,274725
60,8063,5,VinylSd,924,Y,1690,2,1,3,1,7,463,Gilbert,7,181000
20,11362,5,MetalSd,1836,Y,1836,2,0,3,1,7,862,NridgHt,5,280000
60,8000,5,HdBoard,773,Y,1658,2,1,3,1,8,431,Gilbert,13,188000
60,10480,6,Plywood,803,Y,1964,2,1,4,1,8,483,NWAmes,32,205000
20,7100,7,WdShing,816,Y,816,1,0,2,1,5,308,NAmes,49,129900
20,8923,7,Wd Sdng,1008,Y,1008,1,0,2,1,6,240,NAmes,54,134500
20,5400,7,MetalSd,833,Y,833,1,0,2,1,4,326,OldTown,52,117000
20,12085,5,VinylSd,1734,Y,1734,2,0,3,1,7,928,NridgHt,0,318000
80,7750,5,VinylSd,408,Y,1419,2,1,3,1,7,527,Gilbert,7,184100
20,9764,7,VinylSd,894,Y,894,1,0,3,1,5,450,Sawyer,41,130000
80,13825,6,MetalSd,533,Y,1601,1,0,3,1,6,300,Sawyer,50,140000
20,7560,5,BrkFace,1040,Y,1040,1,0,3,1,6,286,NAmes,47,133700
30,8263,5,BrkFace,1012,Y,1012,1,0,2,1,6,308,IDOTRR,87,118400
20,10084,5,VinylSd,1552,Y,1552,2,0,3,1,7,782,CollgCr,1,212900
20,8926,3,AsbShng,672,Y,960,1,0,3,1,5,288,Edwards,53,112000
20,9405,9,VinylSd,698,Y,698,1,0,2,1,4,0,Edwards,62,118000
80,9125,5,HdBoard,384,Y,1482,2,1,3,1,7,392,Gilbert,15,163900
20,10434,5,Plywood,1005,Y,1005,1,0,2,1,5,672,NAmes,54,115000
120,3684,5,VinylSd,1373,Y,1555,2,0,2,1,7,660,Blmngtn,2,174000
20,14572,5,VinylSd,1530,Y,1530,2,0,3,1,7,630,Gilbert,3,259000
60,11796,5,VinylSd,847,Y,1959,2,1,4,1,8,434,Gilbert,3,215000
90,7200,5,MetalSd,936,Y,936,1,0,2,1,4,672,OldTown,27,140000
50,7804,3,WdShing,1122,Y,1981,2,0,4,1,7,576,SWISU,81,135000
20,10712,5,HdBoard,974,Y,974,1,0,3,1,5,0,Mitchel,16,93500
70,9900,4,Wd Sdng,1008,Y,2210,2,0,5,1,8,205,OldTown,127,117500
60,9828,5,VinylSd,1128,Y,2020,2,1,3,1,8,466,SawyerW,14,239500
60,8773,5,VinylSd,916,Y,1600,2,1,3,1,7,460,Gilbert,10,169000
30,6180,5,Wd Sdng,960,N,986,1,0,2,1,5,180,BrkSide,81,102000
50,9600,5,VinylSd,1032,Y,1252,1,0,3,1,6,288,NAmes,58,119000
50,6342,8,VinylSd,780,N,1020,1,0,2,1,6,0,Sawyer,135,94000
20,9819,5,Plywood,1567,Y,1567,2,0,2,1,5,714,Mitchel,32,196000
30,8731,5,Stucco,915,Y,1167,1,0,3,1,6,495,BrkSide,87,144000
20,7350,7,HdBoard,952,Y,952,1,0,2,1,4,840,NAmes,57,139000
60,10304,7,Plywood,780,Y,1868,2,1,4,1,9,484,NWAmes,33,197500
60,9965,5,VinylSd,1466,Y,2828,3,0,4,1,11,1052,CollgCr,1,424870
20,9000,3,Wd Sdng,1006,Y,1006,1,0,3,1,5,0,Sawyer,49,80000
190,12180,4,MetalSd,672,N,924,1,0,2,1,5,280,Edwards,69,80000
50,6240,6,MetalSd,1042,Y,1576,1,0,3,1,8,225,BrkSide,78,149000
20,11200,5,Wd Sdng,1298,Y,1298,2,0,3,1,5,403,SawyerW,21,180000
70,12000,7,MetalSd,704,Y,1564,1,1,3,1,7,234,Crawfor,68,174500
50,5700,7,Wd Sdng,572,Y,1111,1,0,2,1,5,288,OldTown,82,116900
70,9000,9,VinylSd,650,Y,1482,1,0,3,1,7,324,OldTown,89,143000
20,8280,5,BrkFace,932,Y,932,1,0,2,1,4,306,NAmes,57,124000
20,17755,4,HdBoard,1466,Y,1466,1,1,3,1,6,528,Edwards,47,149900
20,14115,7,Stone,1073,Y,1811,1,0,2,1,6,470,Crawfor,50,230000
30,5890,8,Wd Sdng,816,Y,816,1,0,2,1,5,432,IDOTRR,78,120500
60,13700,6,VinylSd,864,Y,1820,1,2,4,1,8,492,NAmes,43,201800
20,10768,8,Plywood,1437,Y,1437,2,0,3,1,6,528,Veenker,31,218000
80,9350,8,BrkFace,1219,Y,1265,2,0,3,1,6,502,NAmes,43,179900
120,5001,5,VinylSd,1314,Y,1314,2,0,2,1,6,626,NridgHt,2,230000
20,11932,5,VinylSd,1580,Y,1580,2,0,3,1,7,830,Somerst,1,235128
60,9120,6,HdBoard,901,Y,1876,2,1,4,1,8,540,NWAmes,34,185000
160,2280,5,Plywood,855,Y,1456,2,1,3,1,7,440,NPkVill,32,146000
20,14778,7,HdBoard,1296,Y,1640,1,0,3,1,7,924,Crawfor,54,224000
20,8724,5,VinylSd,894,Y,894,1,0,3,1,5,450,Sawyer,39,129000
90,12900,4,Plywood,1198,Y,1258,0,2,0,2,6,400,Sawyer,39,108959
80,16157,7,Plywood,1360,Y,1432,1,1,2,1,5,588,Veenker,29,194000
20,9541,5,VinylSd,1502,Y,1502,2,0,3,1,7,644,NridgHt,0,233170
20,10475,5,VinylSd,1694,Y,1694,2,0,3,1,7,776,CollgCr,2,245350
60,10852,5,VinylSd,959,Y,1671,2,1,3,1,7,472,Gilbert,6,173000
70,13728,7,Stucco,1127,Y,2108,2,0,4,1,7,540,Edwards,73,235000
60,35760,5,HdBoard,1930,Y,3627,3,1,4,1,10,807,NoRidge,11,625000
80,9880,6,Plywood,1096,Y,1118,1,0,3,1,6,358,Mitchel,31,171000
20,9120,6,MetalSd,1261,Y,1261,1,0,3,1,6,433,NAmes,50,163000
160,4017,5,MetalSd,625,Y,1250,2,1,2,1,5,625,Somerst,2,171900
50,18030,6,MetalSd,1598,Y,3086,3,0,3,1,12,0,ClearCr,61,200500
70,16560,8,Wd Sdng,952,Y,2345,2,1,4,1,9,360,Crawfor,74,239000
50,10678,5,HdBoard,1683,Y,2872,2,1,4,1,9,541,NoRidge,15,285000
20,6951,5,HdBoard,876,Y,923,1,0,3,1,5,264,Mitchel,24,119500
50,3950,8,MetalSd,818,Y,1224,1,0,3,1,5,210,OldTown,83,115000
50,7681,6,Wd Sdng,731,Y,1343,1,1,3,1,7,186,Crawfor,88,154900
20,8335,5,Wd Sdng,0,Y,1124,1,0,3,1,5,0,Edwards,52,93000
60,11170,5,MetalSd,1216,Y,2514,2,1,4,1,8,693,Timber,16,250000
120,5587,5,CemntBd,1600,Y,1652,2,0,2,1,5,482,Crawfor,0,392500
60,15623,5,Wd Sdng,2396,Y,4476,3,1,4,1,10,813,NoRidge,11,745000
30,10800,6,Stucco,1120,Y,1130,1,0,2,1,5,720,OldTown,86,120000
20,35133,4,MetalSd,1572,Y,1572,1,1,3,1,5,995,Timber,44,186700
50,9738,7,AsbShng,784,Y,1221,1,0,4,1,7,392,Edwards,82,104900
190,10615,5,HdBoard,978,Y,1699,2,0,3,2,7,420,OldTown,109,95000
20,12461,5,ImStucc,1624,Y,1624,2,0,2,1,5,757,NoRidge,12,262000
60,8935,5,VinylSd,831,Y,1660,2,1,3,1,7,493,CollgCr,7,195000
60,7500,5,VinylSd,994,Y,1804,2,1,3,1,7,442,Gilbert,11,189000
190,32463,4,MetalSd,1249,Y,1622,1,0,3,1,7,1356,Mitchel,46,168000
160,2645,5,MetalSd,776,Y,1441,2,1,2,1,5,492,Somerst,8,174000
50,9600,8,VinylSd,702,Y,1472,1,0,3,1,6,250,OldTown,82,125000
120,4500,5,VinylSd,1224,Y,1224,2,0,2,1,5,402,Mitchel,10,165000
60,9364,7,HdBoard,663,Y,1352,1,1,4,1,7,299,Sawyer,41,158000
60,8029,5,VinylSd,728,Y,1456,2,1,3,1,8,400,Gilbert,3,176000
60,14054,5,VinylSd,879,Y,1863,2,1,4,1,9,660,Gilbert,0,219210
75,8850,6,MetalSd,815,Y,1690,1,0,3,1,7,225,OldTown,90,144000
20,9100,5,VinylSd,1212,Y,1212,2,0,3,1,6,573,CollgCr,8,178000
20,11235,5,HdBoard,1051,Y,1382,1,1,3,1,6,459,Sawyer,43,148000
20,9353,5,MetalSd,864,Y,864,1,0,3,1,5,280,NAmes,36,116050
60,10400,5,VinylSd,866,Y,1779,2,1,3,1,6,546,CollgCr,11,197900
50,6000,8,Wd Sdng,884,Y,1348,1,0,3,1,5,216,BrkSide,84,117000
20,9750,5,VinylSd,1630,Y,1630,2,0,3,1,6,451,CollgCr,9,213000
20,10140,6,HdBoard,1056,Y,1074,1,1,3,1,6,495,NWAmes,31,153500
20,14684,7,HdBoard,2158,Y,2196,2,0,3,1,7,701,SawyerW,19,271900
20,8900,4,HdBoard,1056,Y,1056,1,0,2,1,5,384,SawyerW,40,107000
20,9135,5,VinylSd,1682,Y,1700,2,0,3,1,7,544,CollgCr,3,200000
20,7763,7,MetalSd,931,Y,1283,1,0,3,1,6,506,NAmes,46,140000
20,10182,5,VinylSd,1660,Y,1660,2,0,3,1,8,500,Somerst,0,290000
60,11218,5,Wd Sdng,1055,Y,1845,2,1,3,1,8,462,SawyerW,18,189000
50,12134,7,Wd Sdng,559,Y,1752,2,0,4,1,8,492,Gilbert,22,164000
30,9340,6,MetalSd,672,Y,672,1,0,2,1,4,234,Edwards,68,113000
80,10246,9,VinylSd,648,Y,960,0,0,0,1,3,364,Sawyer,41,145000
85,10205,5,MetalSd,925,Y,999,1,0,3,1,6,300,NAmes,44,134500
20,7094,5,VinylSd,894,Y,894,1,0,3,1,5,384,Sawyer,41,125000
90,8930,5,VinylSd,0,Y,1902,2,0,4,2,8,539,Sawyer,32,112000
20,8640,5,CemntBd,1300,Y,1314,2,0,3,1,6,552,Somerst,0,229456
50,6240,5,AsbShng,0,N,912,1,0,2,1,3,0,BrkSide,59,80500
160,1680,5,CemntBd,672,Y,1218,1,1,3,1,7,0,BrDale,35,91500
20,7800,5,Wd Sdng,912,Y,912,1,0,2,1,5,288,NAmes,42,115000
20,8250,5,HdBoard,952,Y,1211,1,0,3,1,5,322,Sawyer,40,134000
50,10496,6,Wd Sdng,1040,Y,1846,2,0,3,1,7,315,NAmes,58,143000
20,10680,3,Wd Sdng,2136,N,2136,2,0,4,1,7,528,NAmes,55,137900
60,15384,5,VinylSd,788,Y,1490,2,1,3,1,8,388,Gilbert,4,184000
80,10482,8,VinylSd,588,Y,1138,1,0,3,1,6,264,NAmes,49,145000
60,14598,5,VinylSd,894,Y,1933,2,1,4,1,9,668,Somerst,1,214000
20,8872,8,VinylSd,912,Y,912,1,0,2,1,5,576,NAmes,43,147000
120,8769,5,MetalSd,1702,Y,1702,1,1,1,1,7,1052,NridgHt,0,367294
80,7910,5,BrkFace,1075,Y,1507,2,0,4,1,7,404,NAmes,48,127000
90,18890,5,Plywood,1361,Y,2620,2,2,4,2,12,600,Sawyer,30,190000
90,7728,6,Wd Sdng,1106,Y,1190,1,0,3,1,6,540,NAmes,44,132500
90,9842,5,HdBoard,0,Y,1224,2,0,2,2,6,462,NAmes,45,101800
20,12160,5,Plywood,1188,Y,1188,1,0,3,1,6,531,NAmes,51,142000
70,8525,6,MetalSd,940,N,1964,1,1,4,1,7,0,SWISU,97,130000
70,13132,5,Wd Sdng,747,Y,1784,1,1,4,1,9,180,Crawfor,92,138887
160,2628,5,VinylSd,764,Y,1626,2,1,2,1,6,474,NridgHt,7,175500
60,12393,5,VinylSd,847,Y,1948,2,1,4,1,8,434,CollgCr,2,195000
20,13072,5,VinylSd,1141,Y,1141,1,1,3,1,6,484,SawyerW,1,142500
20,9037,5,VinylSd,1476,Y,1484,2,0,2,1,6,472,Timber,1,265900
60,8158,5,VinylSd,884,Y,1768,2,1,3,1,8,543,CollgCr,5,224900
20,9849,6,VinylSd,1689,Y,1689,2,0,3,1,7,954,Somerst,0,248328
85,10625,6,Plywood,1053,Y,1173,2,0,3,1,6,528,NWAmes,36,170000
20,13891,5,VinylSd,2076,Y,2076,2,1,2,1,7,850,NridgHt,0,465000
70,11435,7,BrkFace,792,Y,1517,1,0,3,1,7,400,Crawfor,77,230000
80,12090,7,VinylSd,585,Y,1868,3,1,3,1,7,477,NWAmes,23,178000
60,8125,5,VinylSd,756,Y,1553,2,1,3,1,6,615,Somerst,1,186500
80,12328,5,HdBoard,1012,Y,1034,1,0,3,1,6,888,Mitchel,34,169900
75,9600,5,AsbShng,735,N,2058,1,1,3,1,8,396,OldTown,91,129500
20,7200,7,MetalSd,876,Y,988,1,0,3,1,6,276,NAmes,57,119000
20,11160,5,BrkFace,2110,Y,2110,2,1,3,1,8,522,NAmes,42,244000
120,3136,5,VinylSd,1405,Y,1405,2,0,2,1,6,478,NridgHt,3,171750
20,9858,6,HdBoard,864,Y,874,1,0,3,1,5,288,Mitchel,41,130000
60,17542,7,Wd Sdng,1192,Y,2167,2,1,3,1,9,518,Veenker,33,294000
60,6931,5,VinylSd,746,Y,1656,2,1,3,1,7,397,Edwards,5,165400
50,6240,6,Wd Sdng,884,Y,1367,1,0,3,1,6,560,BrkSide,76,127500
20,14303,5,HdBoard,1986,Y,1987,2,0,2,1,7,691,NoRidge,14,301500
30,4060,8,Wd Sdng,864,Y,864,1,0,2,1,4,0,Edwards,87,99900
80,9587,5,VinylSd,856,Y,1166,2,0,2,1,5,400,Gilbert,3,190000
20,9750,8,HdBoard,1054,Y,1054,1,1,3,1,6,460,NAmes,39,151000
60,24682,5,VinylSd,841,Y,1675,2,1,3,1,7,502,Gilbert,10,181000
20,9600,6,MetalSd,1050,Y,1050,1,0,2,1,5,338,NAmes,53,128900
50,11250,5,Wd Sdng,1104,Y,1788,1,0,5,1,8,304,ClearCr,52,161500
70,13515,6,Wd Sdng,764,Y,1824,1,0,3,1,8,520,BrkSide,88,180500
120,4060,5,MetalSd,1405,Y,1337,2,0,2,1,5,511,NAmes,10,181000
160,3735,5,MetalSd,691,Y,1452,2,1,3,1,6,506,Somerst,7,183900
190,10120,4,Wd Sdng,925,N,1889,1,1,4,2,9,308,OldTown,97,122000
20,13214,5,Stucco,2002,Y,2018,2,0,3,1,10,746,Timber,2,378500
50,14100,9,Stucco,728,Y,3447,3,1,4,1,11,1014,Crawfor,73,381000
50,11344,5,MetalSd,874,Y,1524,1,1,3,1,7,315,NAmes,49,144000
40,23595,6,Plywood,1332,Y,1524,0,1,0,1,4,586,ClearCr,31,260000
20,9156,7,BrkFace,1489,Y,1489,2,0,3,1,7,462,NWAmes,41,185750
20,13526,6,HdBoard,935,Y,935,1,0,3,1,5,288,Sawyer,41,137000
80,11512,7,Plywood,1019,Y,1357,1,0,2,1,5,312,Edwards,49,177000
50,5362,6,Wd Sdng,661,Y,1250,2,0,3,1,8,552,Crawfor,97,139000
90,11345,5,AsbShng,928,Y,1920,2,0,4,2,10,400,NAmes,59,137000
60,12936,6,HdBoard,723,Y,1395,1,1,3,1,6,497,NWAmes,37,162000
80,17871,5,HdBoard,1680,Y,1724,1,1,3,1,7,480,NWAmes,42,197900
60,9473,5,VinylSd,1128,Y,2031,2,1,3,1,7,577,CollgCr,6,237000
50,7500,4,MetalSd,698,Y,1128,1,0,2,1,6,528,IDOTRR,90,68400
20,9808,5,VinylSd,1573,Y,1573,2,0,3,1,6,544,CollgCr,7,227000
20,8049,5,HdBoard,1309,Y,1339,2,0,2,1,6,484,Timber,16,180000
20,8800,7,HdBoard,1040,Y,1040,2,0,3,1,5,484,CollgCr,32,150500
90,9400,5,MetalSd,912,Y,1824,2,2,4,2,8,0,Mitchel,39,139000
50,9638,7,Wd Sdng,804,Y,2447,2,0,4,1,10,336,SWISU,91,169000
50,6000,6,MetalSd,780,Y,1412,1,0,4,1,6,280,BrkSide,70,132500
20,9790,5,HdBoard,1328,Y,1328,1,1,3,1,6,528,NWAmes,47,143000
20,36500,5,Wd Sdng,1624,Y,1582,2,0,4,1,7,390,ClearCr,42,190000
120,5664,5,CemntBd,1501,Y,1659,2,0,2,1,5,499,StoneBr,9,278000
60,11065,5,VinylSd,1085,Y,1970,2,1,3,1,8,753,NridgHt,0,281000
80,14112,7,Wd Sdng,1152,Y,1152,1,0,3,1,6,484,NAmes,46,180500
160,1680,7,CemntBd,630,Y,1302,2,1,3,1,6,264,BrDale,37,119500
70,6600,4,Wd Sdng,994,N,2372,2,0,4,2,11,432,OldTown,117,107500
60,10140,5,HdBoard,832,Y,1664,2,1,4,1,8,528,NWAmes,30,162900
20,8172,7,WdShing,864,Y,864,1,0,2,1,5,572,Edwards,51,115000
20,8400,5,HdBoard,1052,Y,1052,1,1,3,1,5,288,NAmes,38,138500
20,8700,6,MetalSd,1120,Y,1128,2,0,3,1,6,525,NAmes,45,155000
180,3675,5,VinylSd,547,Y,1072,2,0,2,1,5,525,Edwards,1,140000
60,63887,5,Stucco,6110,Y,5642,2,1,3,1,12,1418,Edwards,0,160000
20,7500,7,BrkFace,1246,Y,1246,1,1,3,1,6,305,NAmes,51,154000
60,10762,5,VinylSd,978,Y,1983,2,1,3,1,9,490,Gilbert,10,225000
70,7500,7,Wd Sdng,771,Y,1494,1,0,3,1,7,213,Crawfor,67,177500
60,10120,5,VinylSd,1165,Y,2526,2,1,4,1,8,844,NoRidge,12,290000
20,8688,5,VinylSd,1616,Y,1616,2,0,3,1,7,834,Somerst,1,232000
160,3363,5,VinylSd,976,Y,1708,2,0,3,1,7,380,Edwards,2,130000
20,13173,5,VinylSd,1652,Y,1652,2,0,2,1,6,840,NridgHt,3,325000
120,6955,5,VinylSd,1368,Y,1368,2,0,2,1,6,474,NridgHt,1,202500
20,8072,5,VinylSd,990,Y,990,1,0,3,1,5,480,CollgCr,15,138000
20,12000,7,MetalSd,924,Y,1122,1,0,2,1,6,528,OldTown,60,147000
20,7153,5,HdBoard,1278,Y,1294,2,0,3,1,6,496,SawyerW,17,179200
20,17500,8,BrkFace,1902,Y,1902,2,0,3,1,7,567,Crawfor,51,335000
20,8814,5,VinylSd,1274,Y,1274,2,0,3,1,6,508,CollgCr,2,203000
60,9572,5,Wd Sdng,1453,Y,2810,2,1,4,1,9,750,NoRidge,17,302000
60,14774,5,VinylSd,1393,Y,2599,2,1,4,1,10,779,NoRidge,11,333168
20,8190,6,Wd Sdng,948,Y,948,1,0,3,1,5,280,Edwards,53,119000
60,11075,5,HdBoard,952,Y,2112,2,1,4,1,9,576,NAmes,39,206900
20,10226,5,VinylSd,1622,Y,1630,2,0,3,1,8,860,CollgCr,1,295493
120,4230,5,VinylSd,1352,Y,1352,2,0,2,1,5,466,Somerst,1,208900
20,14781,5,VinylSd,1753,Y,1787,2,0,3,1,7,748,CollgCr,5,275000
20,10215,5,Wd Sdng,864,Y,948,1,0,3,1,5,248,Edwards,53,111000
20,8400,3,BrkFace,1478,Y,1478,1,1,3,1,6,442,NAmes,52,156500
20,6627,6,VinylSd,0,N,720,1,0,2,1,4,287,BrkSide,59,72500
60,10186,5,HdBoard,750,Y,1923,2,1,3,1,8,564,NoRidge,18,190000
30,5330,7,VinylSd,420,Y,708,1,0,2,1,5,0,BrkSide,69,82500
20,9986,5,VinylSd,1795,Y,1795,2,0,2,1,7,895,Somerst,1,147000
30,3636,4,AsbShng,796,N,796,1,0,2,1,5,0,IDOTRR,86,55000
30,4270,6,MetalSd,544,Y,774,1,0,3,1,6,0,Edwards,76,79000
20,6600,9,VinylSd,816,Y,816,1,0,3,1,5,264,Mitchel,26,130500
50,10440,7,BrkFace,1510,Y,2792,2,0,5,1,8,520,OldTown,88,256000
60,9084,5,VinylSd,935,Y,1632,2,1,3,1,8,462,Gilbert,8,176500
20,10000,5,VinylSd,1588,Y,1588,2,0,3,1,7,825,Somerst,1,227000
80,10780,5,MetalSd,911,Y,954,1,0,3,1,6,576,CollgCr,30,132500
20,8877,6,MetalSd,816,Y,816,1,0,2,1,3,288,Edwards,71,100000
50,7200,6,Wd Sdng,803,Y,1360,1,1,2,1,6,297,IDOTRR,68,125500
160,2368,6,HdBoard,765,Y,1365,1,1,3,1,7,440,BrDale,39,125000
20,9650,5,Plywood,1350,Y,1334,2,0,2,1,6,630,NWAmes,32,167900
90,9246,5,Plywood,1656,Y,1656,2,0,4,2,8,506,NWAmes,35,135000
30,4118,4,Wd Sdng,693,N,693,1,0,2,1,4,0,OldTown,65,52500
60,13450,5,VinylSd,916,Y,1861,2,1,3,1,8,492,CollgCr,4,200000
20,9560,7,MetalSd,864,Y,864,1,0,3,1,5,288,CollgCr,34,128500
20,8294,5,MetalSd,858,Y,872,1,0,3,1,5,480,NAmes,36,123000
20,13695,5,VinylSd,1114,Y,1114,1,0,3,1,6,576,SawyerW,5,155000
60,9375,5,VinylSd,1284,Y,2169,2,1,3,1,7,647,CollgCr,5,228500
50,7558,6,BrkFace,896,Y,1913,1,1,3,1,9,342,Crawfor,81,177000
60,11103,5,VinylSd,728,Y,1456,2,1,3,1,8,440,CollgCr,1,155835
30,6000,4,MetalSd,960,Y,960,1,0,2,1,5,308,OldTown,87,108500
20,20781,7,BrkFace,1568,Y,2156,2,0,3,1,9,508,NWAmes,38,262500
20,15306,5,VinylSd,1732,Y,1776,2,0,3,1,7,712,Timber,1,283463
20,16196,5,VinylSd,1482,Y,1494,2,0,3,1,5,514,SawyerW,9,215000
70,5250,5,MetalSd,684,N,2358,2,0,4,1,8,0,OldTown,136,122000
90,11643,5,MetalSd,1248,Y,2634,2,2,6,2,12,968,NAmes,40,200000
60,9247,6,HdBoard,858,Y,1716,1,1,4,1,8,490,NAmes,46,171000
50,6000,9,MetalSd,698,Y,1176,1,0,2,1,4,624,BrkSide,72,134900
50,14720,5,VinylSd,2033,Y,3238,2,1,4,1,9,666,NoRidge,15,410000
60,10316,5,VinylSd,992,Y,1865,2,1,3,1,7,839,CollgCr,8,235000
80,10192,6,MetalSd,570,Y,1920,3,0,4,1,8,487,NWAmes,38,170000
20,9477,5,HdBoard,864,Y,892,1,0,3,1,5,264,NAmes,42,110000
20,12537,6,VinylSd,1078,Y,1078,1,1,3,1,6,500,NAmes,39,149900
160,2117,5,MetalSd,756,Y,1573,2,1,3,1,5,440,Somerst,10,177500
20,16737,5,VinylSd,1980,Y,1980,2,0,3,1,8,770,NridgHt,2,315000
70,9842,6,MetalSd,612,Y,2601,3,1,4,1,8,621,SWISU,87,189000
20,16158,5,VinylSd,1530,Y,1530,2,0,3,1,7,430,StoneBr,4,260000
50,12513,4,VinylSd,715,Y,1738,2,0,4,1,7,368,NAmes,89,104900
60,8499,5,VinylSd,616,Y,1412,2,1,3,1,6,432,Gilbert,1,156932
160,3180,5,MetalSd,600,Y,1200,2,1,2,1,4,480,Somerst,1,144152
60,7500,5,VinylSd,814,Y,1674,2,1,3,1,7,663,Somerst,10,216000
60,9179,5,VinylSd,873,Y,1790,2,1,3,1,7,588,CollgCr,9,193000
160,2665,6,CemntBd,757,Y,1475,2,0,4,1,6,336,MeadowV,29,127000
120,4435,5,VinylSd,848,Y,848,1,0,1,1,4,420,CollgCr,6,144000
20,10635,5,VinylSd,1657,Y,1668,2,0,3,1,8,502,CollgCr,7,232000
50,5400,6,CBlock,840,Y,1374,1,0,2,1,6,338,OldTown,89,105000
80,9600,6,AsbShng,992,Y,1661,1,0,3,1,8,377,NAmes,53,165500
60,9750,6,VinylSd,1108,Y,2097,2,1,3,1,8,583,CollgCr,8,274300
20,11400,5,VinylSd,2633,Y,2633,2,1,2,1,8,804,NoRidge,6,466500
60,10625,5,CemntBd,1026,Y,1958,2,1,3,1,9,936,Somerst,3,250000
20,10991,5,VinylSd,1571,Y,1571,2,0,3,1,7,722,Timber,0,239000
30,6292,5,Wd Sdng,768,N,790,1,0,2,1,4,160,SWISU,78,91000
50,10998,5,Wd Sdng,984,Y,1604,2,0,3,1,6,660,Edwards,68,117000
160,1953,5,HdBoard,483,Y,987,1,1,2,1,5,264,BrDale,33,83000
80,9735,5,VinylSd,384,Y,1394,2,1,3,1,7,400,Timber,2,167500
30,8212,3,Stucco,864,N,864,1,0,2,1,5,200,Edwards,96,58500
20,12925,7,BrkFace,1205,Y,2117,2,1,4,1,7,550,NAmes,38,237500
70,7200,7,Wd Sdng,596,Y,1762,1,1,4,1,8,576,OldTown,86,157000
30,25339,7,Wd Sdng,816,Y,1416,2,0,3,1,7,576,Sawyer,89,112000
50,9060,5,WdShing,560,Y,1258,1,0,2,1,6,280,Edwards,70,105000
50,5436,8,VinylSd,796,Y,1154,1,0,3,1,7,240,IDOTRR,88,125500
60,16692,5,Plywood,1392,Y,2784,3,1,5,1,12,564,NWAmes,28,250000
50,8520,7,Stucco,714,N,2526,2,0,5,1,10,216,OldTown,91,136000
20,14892,5,VinylSd,1746,Y,1746,2,0,3,1,7,758,Gilbert,3,377500
50,6000,6,Wd Sdng,735,Y,1218,1,0,3,1,6,440,BrkSide,66,131000
20,9100,5,VinylSd,1525,Y,1525,2,0,3,1,6,541,CollgCr,6,235000
90,8944,5,Plywood,1584,Y,1584,2,0,4,2,8,792,NAmes,42,124000
85,7838,5,HdBoard,864,Y,900,1,0,3,1,6,288,NAmes,39,123000
190,10800,7,Wd Sdng,482,N,1912,2,0,3,2,7,672,OldTown,103,163000
120,4045,5,VinylSd,1356,Y,1500,2,0,2,1,6,648,Blmngtn,0,246578
60,12665,5,VinylSd,1094,Y,2482,2,1,4,1,9,642,Timber,2,281213
20,57200,5,Wd Sdng,747,Y,1687,1,0,3,1,7,572,Timber,62,160000
70,6120,8,MetalSd,939,Y,1513,1,1,4,1,8,180,BrkSide,87,137500
50,7200,4,VinylSd,1208,Y,1904,1,1,3,1,7,240,NAmes,59,138000
50,6171,6,WdShing,976,Y,1608,2,1,3,1,7,216,SWISU,84,137450
50,6000,7,WdShing,862,Y,1158,1,0,3,1,5,208,BrkSide,79,120000
60,7415,5,VinylSd,839,Y,1593,2,1,3,1,8,398,Gilbert,4,193000
20,6762,5,VinylSd,1286,Y,1294,2,0,2,1,6,662,CollgCr,0,193879
20,15256,5,VinylSd,1485,Y,1464,2,0,3,1,6,754,Somerst,0,282922
50,10410,4,Wd Sdng,672,Y,1214,1,0,3,1,6,936,OldTown,91,105000
120,3842,5,CemntBd,1594,Y,1646,2,0,2,1,5,482,Crawfor,4,275000
85,8445,7,HdBoard,768,Y,768,1,0,2,1,5,396,CollgCr,37,133000
20,8780,5,HdBoard,833,Y,833,1,0,3,1,5,0,Mitchel,24,112000
70,7740,7,VinylSd,622,Y,1363,1,0,3,1,6,528,OldTown,100,125500
60,20544,6,Plywood,791,Y,2093,2,1,3,1,7,542,NWAmes,22,215000
60,12420,5,VinylSd,944,Y,1840,2,1,3,1,6,622,CollgCr,8,230000
50,9600,8,VinylSd,856,Y,1668,1,1,3,1,6,271,NAmes,59,140000
90,7200,5,BrkFace,0,N,1040,2,0,2,2,6,420,NAmes,60,90000
20,10994,5,VinylSd,1844,Y,1844,2,0,2,1,7,620,SawyerW,4,257000
50,13053,7,Wd Sdng,833,Y,1848,1,1,4,1,8,370,BrkSide,85,207000
120,3635,5,VinylSd,1386,Y,1569,2,0,1,1,7,660,Blmngtn,2,175900
190,11340,6,VinylSd,777,Y,2290,2,0,4,2,11,560,OldTown,125,122500
60,16545,5,VinylSd,1284,Y,2450,2,1,3,1,7,1069,NoRidge,11,340000
20,9204,5,HdBoard,1144,Y,1144,1,1,3,1,6,336,NAmes,45,124000
20,16381,5,Plywood,1844,Y,1844,2,0,3,1,7,540,Crawfor,37,223000
60,11700,6,HdBoard,708,Y,1416,2,1,3,1,7,776,NWAmes,38,179900
120,4043,5,Plywood,1069,Y,1069,2,0,2,1,4,440,NPkVill,33,127500
120,4435,5,VinylSd,848,Y,848,1,0,1,1,3,420,CollgCr,5,136500
80,19690,7,Plywood,697,Y,2201,2,0,4,1,8,432,Edwards,40,274970
20,9503,5,HdBoard,1024,Y,1344,1,0,2,1,6,484,NAmes,49,144000
20,10721,6,HdBoard,1252,Y,1252,1,0,3,1,7,528,NAmes,49,142000
60,10944,5,VinylSd,1223,Y,2127,2,1,3,1,5,525,NoRidge,14,271000
50,10930,6,MetalSd,913,Y,1558,1,1,3,1,6,288,NAmes,63,140000
30,7200,7,MetalSd,788,Y,804,1,0,2,1,4,240,OldTown,70,119000
20,12546,7,MetalSd,1440,Y,1440,2,0,3,1,7,467,NWAmes,26,182900
60,21930,5,VinylSd,732,Y,1838,2,1,4,1,7,372,Gilbert,1,192140
120,4928,6,Plywood,958,Y,958,2,0,2,1,5,440,NPkVill,33,143750
30,10800,6,Wd Sdng,656,Y,968,2,0,4,1,5,216,OldTown,80,64500
60,10261,5,VinylSd,936,Y,1792,2,1,3,1,8,451,Gilbert,8,186500
20,17400,5,BrkFace,1126,Y,1126,2,0,3,1,5,484,Mitchel,29,160000
20,8400,9,Wd Sdng,1319,Y,1537,1,1,3,1,7,462,NAmes,46,174000
20,9000,6,HdBoard,864,Y,864,1,0,3,1,5,528,NAmes,36,120500
20,12444,5,VinylSd,1932,Y,1932,2,0,2,1,7,774,NridgHt,0,394617
20,7407,7,MetalSd,912,Y,1236,1,0,2,1,6,923,OldTown,53,149700
60,11584,6,HdBoard,539,Y,1725,2,1,3,1,6,550,NWAmes,28,197000
70,11526,7,MetalSd,588,Y,2555,2,0,3,1,11,672,Crawfor,86,191000
120,4426,5,VinylSd,848,Y,848,1,0,1,1,3,420,CollgCr,4,149300
60,11003,5,VinylSd,1017,Y,2007,2,1,3,1,10,812,Somerst,1,310000
30,8854,6,Wd Sdng,952,N,952,1,0,2,1,4,192,BrkSide,93,121000
20,8500,5,VinylSd,1422,Y,1422,2,0,3,1,7,626,CollgCr,3,179600
85,8400,5,VinylSd,814,Y,913,1,0,3,1,6,240,Sawyer,41,129000
20,26142,7,HdBoard,1188,Y,1188,1,0,3,1,6,312,Mitchel,48,157900
60,10000,5,VinylSd,1220,Y,2090,2,1,3,1,8,556,CollgCr,12,240000
50,11767,7,MetalSd,560,N,1346,1,1,2,1,6,384,Edwards,97,112000
180,1533,7,CemntBd,630,Y,630,1,0,1,1,3,0,MeadowV,36,92000
90,9000,5,VinylSd,896,Y,1792,2,2,4,2,8,0,NAmes,35,136000
20,9262,5,CemntBd,1573,Y,1578,2,0,3,1,7,840,Somerst,1,287090
180,3675,5,VinylSd,547,Y,1072,1,0,2,1,5,525,Edwards,1,145000
20,17217,5,VinylSd,1140,Y,1140,1,0,3,1,6,0,Mitchel,0,84500
20,7500,5,VinylSd,1221,Y,1221,2,0,2,1,6,400,Somerst,5,185000
60,7917,5,VinylSd,953,Y,1647,2,1,3,1,7,460,Gilbert,8,175000
20,13175,6,Plywood,1542,Y,2073,2,0,3,1,7,500,NWAmes,32,210000
70,9042,9,CemntBd,1152,Y,2340,2,0,4,1,9,252,Crawfor,69,266500
20,9717,6,MetalSd,1078,Y,1078,1,0,2,1,5,240,NAmes,60,142125
20,9937,6,HdBoard,1256,Y,1256,1,1,3,1,6,276,Edwards,43,147500
